bag_t.secs,bag_t.nsecs,latitude,longitude
0,0,36.62548,127.4586828
0,100000000,36.62548,127.4586828
0,200000000,36.62548017,127.4586828
0,300000000,36.62548033,127.458683
0,400000000,36.62548017,127.4586827
0,500000000,36.62548,127.4586827
0,600000000,36.62548,127.4586827
0,700000000,36.6254795,127.4586825
0,800000000,36.625475,127.4586782
0,900000000,36.6254645,127.4586728
1,0,36.62545317,127.4586668
1,100000000,36.62544083,127.4586607
1,200000000,36.62542833,127.4586537
1,300000000,36.625416,127.4586467
1,400000000,36.62540383,127.4586395
1,500000000,36.62539167,127.458632
1,600000000,36.62537983,127.4586242
1,700000000,36.6253675,127.4586158
1,800000000,36.62535567,127.458606
1,900000000,36.62534383,127.4585965
2,0,36.62533233,127.4585868
2,100000000,36.62532183,127.4585778
2,200000000,36.6253105,127.4585683
2,300000000,36.6252995,127.4585582
2,400000000,36.625288,127.458549
2,500000000,36.625277,127.4585397
2,600000000,36.62526583,127.4585302
2,700000000,36.62525467,127.45852
2,800000000,36.62524333,127.4585102
2,900000000,36.62523766375,127.45849902500001
3,0,36.6252319975,127.45848785000001
3,100000000,36.625226331250005,127.458476675
3,200000000,36.625220665,127.4584655
3,300000000,36.625214998749996,127.458454325
3,400000000,36.6252093325,127.45844315
3,500000000,36.62520366625,127.458431975
3,600000000,36.625198,127.4584208
3,700000000,36.62518833,127.4584113
3,800000000,36.625178,127.4584022
3,900000000,36.625168,127.4583925
4,0,36.625158,127.458383
4,100000000,36.62514783,127.4583738
4,200000000,36.62513783,127.4583658
4,300000000,36.62512783,127.458358
4,400000000,36.62511783,127.4583483
4,500000000,36.62510817,127.4583375
4,600000000,36.62509883,127.4583282
4,700000000,36.62508933,127.4583205
4,800000000,36.62507917,127.4583128
4,900000000,36.62506917,127.4583057
5,0,36.62506017,127.4582978
5,100000000,36.62505183,127.4582903
5,200000000,36.625044,127.4582827
5,300000000,36.62503633,127.4582753
5,400000000,36.62502933,127.458269
5,500000000,36.62502417,127.4582632
5,600000000,36.62502217,127.4582608
