scenario_t_s,lat,lon,heading_deg,speed_mps,hAcc_m,carrSoln,lane,road_idx,rel_distance_m,rel_ahead_m,rel_lateral_m,same_lane_alert
0.000,36.72907821637842,127.44315774778313,136.59,1.971,0.927,0,2차선,1,7.47,-7.47,-0.08,1
0.100,36.72907681693425,127.44315939973094,136.45,2.021,0.926,0,2차선,1,7.61,-7.61,-0.09,1
0.200,36.72907541476394,127.44316106360625,136.28,2.072,0.926,0,2차선,1,7.75,-7.75,-0.11,1
0.300,36.72907400986745,127.44316273940903,136.09,2.120,0.926,0,2차선,1,7.89,-7.89,-0.13,1
0.400,36.72907260224482,127.44316442713928,135.94,2.163,0.926,0,2차선,1,8.02,-8.02,-0.15,1
0.500,36.729071191896004,127.44316612679702,135.88,2.200,0.927,0,2차선,1,8.14,-8.14,-0.15,1
0.600,36.72906977882103,127.44316783838222,135.90,2.232,0.927,0,2차선,1,8.26,-8.26,-0.15,1
0.700,36.729068363019884,127.4431695618949,136.06,2.252,0.927,0,2차선,1,8.37,-8.37,-0.13,1
0.800,36.729066944492565,127.44317129733506,136.15,2.265,0.927,0,2차선,1,8.48,-8.48,-0.11,1
0.900,36.72906552323909,127.44317304470269,136.15,2.269,0.927,0,2차선,1,8.58,-8.58,-0.11,1
1.000,36.729064099259446,127.44317480399778,136.14,2.265,0.927,0,2차선,1,8.68,-8.68,-0.11,1
1.100,36.72906267255364,127.44317657522033,136.16,2.261,0.927,0,2차선,1,8.77,-8.77,-0.11,1
1.200,36.72906124312166,127.44317835837037,136.33,2.257,0.927,0,2차선,1,8.85,-8.85,-0.09,1
1.300,36.729059810963506,127.44318015344788,136.48,2.255,0.927,0,2차선,1,8.93,-8.93,-0.07,1
1.400,36.72905837607919,127.44318196045285,136.48,2.256,0.928,0,2차선,1,9.01,-9.01,-0.08,1
1.500,36.72905693846739,127.44318377938515,136.25,2.258,0.928,0,2차선,1,9.08,-9.08,-0.12,1
1.600,36.729055484006636,127.44318561274473,135.89,2.258,0.928,0,2차선,1,9.13,-9.13,-0.18,1
1.700,36.729054029450054,127.44318745659287,135.70,2.263,0.928,0,2차선,1,9.18,-9.17,-0.23,1
1.800,36.72905257526753,127.44318931127837,135.41,2.276,0.928,0,2차선,1,9.22,-9.22,-0.28,1
1.900,36.729051121605394,127.44319117748059,134.93,2.298,0.928,0,2차선,1,9.26,-9.25,-0.37,1
2.000,36.7290496682832,127.44319305604542,134.40,2.321,0.928,0,2차선,1,9.30,-9.28,-0.47,1
2.100,36.72904821427855,127.44319494815045,134.07,2.345,0.929,0,2차선,1,9.33,-9.31,-0.54,1
2.200,36.729046757926554,127.44319685496295,133.83,2.364,0.929,0,2차선,1,9.37,-9.35,-0.59,1
2.300,36.72904529768552,127.44319877699161,133.66,2.381,0.929,0,2차선,1,9.40,-9.38,-0.64,1
2.400,36.729043832200745,127.44320071441547,133.53,2.397,0.929,0,2차선,1,9.44,-9.41,-0.67,1
2.500,36.72904236055057,127.44320266701916,133.40,2.404,0.929,0,2차선,1,9.47,-9.45,-0.71,1
2.600,36.72904088107094,127.4432046349443,133.48,2.406,0.929,0,2차선,1,9.51,-9.49,-0.71,1
2.700,36.72903939473374,127.44320661599858,133.51,2.406,0.929,0,2차선,1,9.55,-9.52,-0.71,1
2.800,36.72903790319299,127.44320860713779,133.56,2.407,0.929,0,2차선,1,9.59,-9.56,-0.71,1
2.900,36.72903640946388,127.44321060417614,133.59,2.407,0.929,0,2차선,1,9.63,-9.60,-0.72,1
3.000,36.729034917350276,127.44321260246605,133.48,2.403,0.929,0,2차선,1,9.67,-9.64,-0.74,1
3.100,36.72903343150505,127.44321459707301,133.49,2.396,0.930,0,2차선,1,9.70,-9.68,-0.75,1
3.200,36.729031958999066,127.44321658145662,133.57,2.393,0.930,0,2차선,1,9.74,-9.71,-0.74,1
3.300,36.72903050728151,127.44321854837604,133.71,2.389,0.930,0,2차선,1,9.76,-9.74,-0.72,1
3.400,36.72902908381547,127.44322049075032,133.82,2.379,0.930,0,2차선,1,9.78,-9.76,-0.70,1
3.500,36.72902769591201,127.4432224020142,133.82,2.357,0.931,0,2차선,1,9.79,-9.77,-0.69,1
3.600,36.729026350408496,127.44322427582334,133.60,2.324,0.931,0,2차선,1,9.79,-9.77,-0.73,1
3.700,36.72902505377607,127.44322610736549,133.12,2.272,0.931,0,2차선,1,9.78,-9.75,-0.80,1
3.800,36.72902381174413,127.4432278924714,132.50,2.202,0.931,0,2차선,1,9.76,-9.72,-0.90,1
3.900,36.729022629140296,127.44322962796517,131.75,2.115,0.931,0,2차선,1,9.72,-9.66,-1.01,1
4.000,36.7290215097724,127.44323131181035,130.71,2.006,0.932,0,2차선,1,9.66,-9.59,-1.17,1
4.100,36.72902045650267,127.44323294255753,129.31,1.885,0.932,0,2차선,1,9.59,-9.49,-1.38,1
4.200,36.72901947088753,127.44323452093364,127.59,1.763,0.932,0,2차선,1,9.50,-9.36,-1.64,1
4.300,36.72901855319619,127.44323604916856,125.75,1.643,0.932,0,2차선,1,9.40,-9.21,-1.90,1
4.400,36.729017702403596,127.44323753102344,123.92,1.530,0.932,0,2차선,1,9.28,-9.03,-2.15,1
4.500,36.7290169161567,127.44323897198602,122.07,1.426,0.932,0,2차선,1,9.15,-8.84,-2.39,1
4.600,36.72901619112473,127.4432403786764,120.62,1.349,0.932,0,2차선,1,9.01,-8.64,-2.55,1
4.700,36.72901552261782,127.44324176018102,119.05,1.296,0.932,0,2차선,1,8.85,-8.43,-2.72,1
4.800,36.729014904508475,127.4432431266639,117.73,1.263,0.932,0,2차선,1,8.69,-8.22,-2.83,1
4.900,36.72901432944024,127.44324448900707,116.76,1.246,0.932,0,2차선,1,8.52,-8.02,-2.88,1
5.000,36.72901378908967,127.44324585837842,115.77,1.250,0.932,0,2차선,1,8.34,-7.81,-2.93,1
5.100,36.729013274539774,127.44324724555669,114.69,1.275,0.932,0,2차선,1,8.16,-7.60,-2.97,1
5.200,36.72901277678663,127.4432486617651,113.99,1.316,0.932,0,2차선,1,7.98,-7.41,-2.96,1
5.300,36.729012287059994,127.443250118235,113.53,1.371,0.932,0,2차선,1,7.80,-7.24,-2.91,1
5.400,36.729011797053204,127.44325162543625,113.20,1.439,0.931,0,2차선,1,7.63,-7.08,-2.84,1
5.500,36.72901129923311,127.44325319258516,112.89,1.519,0.931,0,2차선,1,7.46,-6.93,-2.76,1
5.600,36.72901078726344,127.44325482702719,112.63,1.605,0.931,0,2차선,1,7.30,-6.79,-2.68,1
5.700,36.72901025725743,127.44325653305508,112.54,1.697,0.931,0,2차선,1,7.15,-6.67,-2.58,1
5.800,36.72900970535596,127.44325831404217,112.48,1.793,0.931,0,2차선,1,7.01,-6.56,-2.47,1
5.900,36.72900912897007,127.44326017142315,112.40,1.886,0.931,0,2차선,1,6.88,-6.46,-2.37,1
6.000,36.72900852611201,127.44326210512153,112.41,1.965,0.930,0,2차선,1,6.77,-6.38,-2.26,1
6.100,36.7290078961065,127.44326411276099,112.47,2.037,0.930,0,2차선,1,6.67,-6.31,-2.15,1
6.200,36.729007239213324,127.44326619008298,112.59,2.099,0.930,0,2차선,1,6.58,-6.26,-2.03,1
6.300,36.72900655514905,127.44326833312167,112.70,2.149,0.930,0,2차선,1,6.51,-6.22,-1.92,1
6.400,36.729005843906876,127.443270537415,112.81,2.194,0.930,0,2차선,1,6.44,-6.18,-1.81,1
6.500,36.72900510573662,127.44327279802783,112.92,2.241,0.929,0,2차선,1,6.39,-6.16,-1.70,1
6.600,36.72900434124041,127.44327510997599,112.99,2.282,0.929,0,2차선,1,6.35,-6.15,-1.59,1
6.700,36.72900355114698,127.4432774692715,113.20,2.314,0.929,0,2차선,1,6.32,-6.14,-1.48,1
6.800,36.72900273603982,127.44327987233649,113.57,2.339,0.929,0,2차선,1,6.29,-6.15,-1.35,1
6.900,36.729001896422794,127.44328231555698,114.08,2.361,0.928,0,1차선,1,6.28,-6.16,-1.20,0
7.000,36.729001032681154,127.44328479562297,114.72,2.385,0.928,0,2차선,0,6.26,-6.18,-1.04,0
7.100,36.72900014503343,127.44328731057949,115.24,2.409,0.928,0,2차선,0,6.26,-6.19,-0.90,0
7.200,36.72899923298364,127.44328985686272,115.75,2.438,0.928,0,2차선,0,6.25,-6.20,-0.75,0
7.300,36.72899829594493,127.44329242914763,116.22,2.469,0.928,0,2차선,0,6.24,-6.21,-0.61,0
7.400,36.72899733343399,127.44329502048375,116.62,2.501,0.927,0,2차선,0,6.24,-6.22,-0.48,0
7.500,36.728996345165676,127.44329762318935,116.99,2.531,0.927,0,2차선,0,6.23,-6.22,-0.35,0
7.600,36.72899533135956,127.44330022910607,117.24,2.565,0.927,0,2차선,0,6.22,-6.21,-0.23,0
7.700,36.72899429226255,127.44330282789662,117.50,2.597,0.927,0,2차선,0,6.20,-6.20,-0.11,0
7.800,36.72899322873567,127.44330540791698,117.85,2.623,0.927,0,1차선,0,6.18,-6.18,0.01,0
7.900,36.72899214209272,127.44330795730814,118.31,2.640,0.927,0,1차선,0,6.15,-6.15,0.15,0
8.000,36.728991034117016,127.44331046444573,118.76,2.649,0.926,0,1차선,0,6.12,-6.11,0.28,0
8.100,36.728989906973176,127.44331291759333,119.42,2.643,0.926,0,1차선,0,6.07,-6.06,0.44,0
8.200,36.728988762607514,127.44331530680866,120.36,2.618,0.926,0,1차선,0,6.02,-5.99,0.61,0
8.300,36.728987603060155,127.44331762324154,121.64,2.570,0.926,0,1차선,0,5.96,-5.90,0.82,0
8.400,36.72898643021667,127.44331985916864,123.28,2.498,0.926,0,1차선,0,5.88,-5.79,1.05,0
8.500,36.72898524553969,127.44332200854787,125.24,2.404,0.925,0,1차선,0,5.80,-5.65,1.31,0
8.600,36.728984049942966,127.44332406543839,127.46,2.300,0.925,0,1차선,0,5.71,-5.49,1.57,0
8.700,36.728982844136894,127.44332602881751,129.65,2.192,0.925,0,1차선,0,5.61,-5.31,1.82,0
8.800,36.72898162949455,127.44332790020891,131.82,2.086,0.925,0,1차선,0,5.50,-5.11,2.04,0
8.900,36.72898040748923,127.44332968409628,133.92,1.988,0.925,0,1차선,0,5.39,-4.91,2.24,0
9.000,36.728979179665764,127.443331387625,135.79,1.911,0.925,0,1차선,0,5.27,-4.70,2.39,0
9.100,36.728977947744944,127.44333301983082,137.43,1.859,0.925,0,1차선,0,5.15,-4.49,2.52,0
9.200,36.72897671288039,127.4433345946339,138.45,1.823,0.925,0,1차선,0,5.02,-4.31,2.57,0
9.300,36.72897547616342,127.44333612812135,139.13,1.804,0.925,0,1차선,0,4.90,-4.15,2.60,0
9.400,36.728974238284586,127.44333763791666,139.55,1.801,0.925,0,1차선,0,4.78,-4.01,2.60,0
9.500,36.72897299936437,127.4433391427807,139.49,1.819,0.925,0,1차선,0,4.66,-3.89,2.57,0
9.600,36.728971758676884,127.4433406634769,138.86,1.856,0.925,0,1차선,0,4.54,-3.80,2.49,0
9.700,36.72897051520717,127.44334221962689,137.90,1.905,0.925,0,1차선,0,4.44,-3.73,2.40,0
9.800,36.728969268163134,127.44334382878533,136.60,1.964,0.925,0,1차선,0,4.34,-3.69,2.30,0
9.900,36.7289680167353,127.44334550551497,134.90,2.030,0.925,0,1차선,0,4.26,-3.66,2.17,0
10.000,36.7289667601799,127.44334726067594,132.76,2.101,0.925,0,1차선,0,4.19,-3.67,2.03,0
10.100,36.7289654974881,127.44334910165223,130.60,2.177,0.925,0,1차선,0,4.13,-3.67,1.89,0
10.200,36.72896422824392,127.44335102769129,128.72,2.259,0.925,0,1차선,0,4.08,-3.68,1.77,0
10.300,36.728962952862524,127.4433530352943,127.14,2.345,0.925,0,1차선,0,4.05,-3.69,1.68,0
10.400,36.728961672454496,127.44335511756688,125.88,2.430,0.925,0,1차선,0,4.03,-3.69,1.61,0
10.500,36.72896038874008,127.44335726498281,124.94,2.509,0.925,0,1차선,0,4.02,-3.69,1.57,0
10.600,36.728959104049224,127.44335946535399,124.40,2.574,0.925,0,1차선,0,4.01,-3.69,1.56,0
10.700,36.728957820973875,127.44336170303964,124.19,2.620,0.925,0,1차선,0,4.01,-3.69,1.58,0
10.800,36.72895654219808,127.44336396334933,124.25,2.646,0.925,0,1차선,0,4.02,-3.68,1.61,0
10.900,36.72895527036003,127.44336623122791,124.47,2.648,0.925,0,1차선,0,4.02,-3.67,1.66,0
11.000,36.72895400786122,127.44336849170678,124.68,2.621,0.926,0,1차선,0,4.03,-3.65,1.70,0
11.100,36.72895275709495,127.44337072930209,125.26,2.551,0.926,0,1차선,0,4.04,-3.62,1.78,0
11.200,36.72895151910588,127.44337293136125,126.02,2.466,0.926,0,1차선,0,4.04,-3.58,1.86,0
11.300,36.72895029412539,127.44337508764995,126.94,2.375,0.926,0,1차선,0,4.03,-3.53,1.95,0
11.400,36.728949081756674,127.443377189886,127.91,2.280,0.926,0,1차선,0,4.02,-3.46,2.05,0
11.500,36.72894788099223,127.44337923237737,128.83,2.188,0.926,0,1차선,0,4.00,-3.38,2.14,0
11.600,36.72894669135488,127.44338121099807,129.55,2.110,0.927,0,1차선,0,3.97,-3.30,2.21,0
11.700,36.728945511224246,127.4433831284547,130.18,2.042,0.927,0,1차선,0,3.94,-3.21,2.28,0
11.800,36.728944338478975,127.4433849883201,130.71,1.985,0.927,0,1차선,0,3.89,-3.12,2.33,0
11.900,36.72894316999165,127.44338679710707,131.14,1.943,0.927,0,1차선,0,3.84,-3.02,2.38,0
12.000,36.728942001969486,127.4433885634858,131.53,1.918,0.927,0,1차선,0,3.79,-2.91,2.42,0
12.100,36.728940830074734,127.44339029821614,131.83,1.912,0.928,0,1차선,0,3.73,-2.80,2.46,0
12.200,36.728939647947165,127.44339201666796,131.98,1.927,0.928,0,1차선,0,3.66,-2.69,2.49,0
12.300,36.728938448517546,127.44339373409817,132.16,1.958,0.928,0,1차선,0,3.60,-2.58,2.51,0
12.400,36.72893722413506,127.44339546622852,132.38,2.003,0.928,0,1차선,0,3.53,-2.46,2.54,0
12.500,36.7289359667176,127.44339722873995,132.51,2.069,0.929,0,1차선,0,3.47,-2.35,2.56,0
12.600,36.728934668280175,127.44339903699425,132.51,2.151,0.929,0,1차선,0,3.42,-2.24,2.58,0
12.700,36.72893332127728,127.44340090355449,132.57,2.244,0.929,0,1차선,0,3.36,-2.14,2.59,0
12.800,36.72893191896916,127.44340283863342,132.71,2.342,0.929,0,1차선,0,3.32,-2.05,2.62,0
12.900,36.728930455605195,127.4434048499501,132.86,2.446,0.930,0,1차선,0,3.28,-1.96,2.64,0
13.000,36.72892892654193,127.44340694265851,132.94,2.552,0.930,0,1차선,0,3.25,-1.88,2.65,0
13.100,36.728927328127476,127.4434091194949,133.13,2.667,0.931,0,1차선,0,3.23,-1.81,2.67,0
13.200,36.72892565894144,127.44341137881379,133.31,2.782,0.931,0,1차선,0,3.21,-1.76,2.69,0
13.300,36.72892391874054,127.44341371827603,133.50,2.904,0.931,0,1차선,0,3.20,-1.71,2.71,0
13.400,36.72892210854773,127.44341613399858,133.70,3.028,0.932,0,1차선,0,3.20,-1.68,2.73,0
13.500,36.72892023056085,127.44341862057196,133.86,3.145,0.932,0,1차선,0,3.20,-1.66,2.74,0
13.600,36.72891828739892,127.44342117196061,134.04,3.242,0.933,0,1차선,0,3.21,-1.65,2.75,0
13.700,36.728916283416005,127.44342377945644,134.37,3.331,0.934,0,1차선,0,3.22,-1.64,2.77,0
13.800,36.728914224404484,127.44342643331818,134.77,3.406,0.934,0,1차선,0,3.23,-1.64,2.79,0
13.900,36.72891211756264,127.44342912272238,135.13,3.462,0.934,0,1차선,0,3.25,-1.65,2.80,0
14.000,36.72890997143996,127.44343183613653,135.39,3.499,0.935,0,1차선,0,3.27,-1.68,2.81,0
14.100,36.72890779537472,127.44343456222553,135.74,3.509,0.935,0,1차선,0,3.29,-1.70,2.82,0
14.200,36.72890559968659,127.44343728947337,136.06,3.500,0.936,0,1차선,0,3.31,-1.74,2.82,0
14.300,36.728903395504126,127.44344000597461,136.40,3.478,0.936,0,1차선,0,3.34,-1.77,2.83,0
14.400,36.72890119422506,127.44344269991508,136.76,3.444,0.937,0,1차선,0,3.36,-1.81,2.83,0
14.500,36.72889900733269,127.44344535994482,137.02,3.398,0.937,0,1차선,0,3.38,-1.84,2.83,0
14.600,36.72889684597768,127.44344797529843,137.16,3.356,0.938,0,1차선,0,3.40,-1.88,2.83,0
14.700,36.728894719215674,127.44345053789097,137.30,3.306,0.939,0,1차선,0,3.42,-1.92,2.83,0
14.800,36.72889263582331,127.44345303998617,137.43,3.243,0.939,0,1차선,0,3.43,-1.95,2.82,0
14.900,36.72889060298549,127.44345547589897,137.52,3.164,0.939,0,1차선,0,3.43,-1.97,2.81,0
15.000,36.72888862654494,127.44345784170943,137.55,3.071,0.940,0,1차선,0,3.43,-1.98,2.80,0
15.100,36.72888671090297,127.44346013534044,137.50,2.953,0.941,0,1차선,0,3.42,-1.99,2.79,0
15.200,36.72888485716557,127.44346235855491,137.17,2.831,0.941,0,1차선,0,3.40,-1.99,2.76,0
15.300,36.728883065121806,127.44346451411579,136.69,2.712,0.941,0,1차선,0,3.38,-1.99,2.73,0
15.400,36.72888133289008,127.44346660628489,136.20,2.597,0.942,0,1차선,0,3.35,-1.97,2.70,0
15.500,36.72887965695946,127.44346864091943,135.89,2.490,0.942,0,1차선,0,3.30,-1.94,2.68,0
15.600,36.728878032845245,127.44347062486713,135.77,2.406,0.943,0,1차선,0,3.26,-1.88,2.66,0
15.700,36.72887645365206,127.44347256742587,135.47,2.333,0.944,0,1차선,0,3.20,-1.81,2.64,0
15.800,36.728874911914275,127.44347447836476,135.24,2.278,0.944,0,1차선,0,3.14,-1.73,2.62,0
15.900,36.7288733993355,127.44347636804525,135.18,2.247,0.944,0,1차선,0,3.08,-1.63,2.61,0
16.000,36.728871907092184,127.44347824686318,135.19,2.238,0.945,0,1차선,0,3.02,-1.52,2.61,0
16.100,36.72887042606359,127.44348012502222,135.11,2.248,0.946,0,1차선,0,2.96,-1.41,2.60,0
16.200,36.72886894681414,127.44348201321995,135.05,2.270,0.946,0,1차선,0,2.90,-1.29,2.59,0
16.300,36.72886745954366,127.44348392250087,135.00,2.309,0.946,0,1차선,0,2.84,-1.17,2.59,0
16.400,36.72886595476617,127.4434858631624,134.96,2.367,0.947,0,1차선,0,2.79,-1.05,2.58,0
16.500,36.7288644237134,127.44348784431433,134.97,2.442,0.948,0,1차선,0,2.74,-0.93,2.58,0
16.600,36.728862858706286,127.44348987364994,134.96,2.518,0.948,0,1차선,0,2.70,-0.81,2.58,0
16.700,36.72886125541888,127.44349195499744,134.88,2.598,0.949,0,1차선,0,2.67,-0.70,2.57,0
16.800,36.72885961137603,127.44349409067544,134.78,2.686,0.949,0,1차선,0,2.64,-0.59,2.57,0
16.900,36.72885792599756,127.44349628147165,134.68,2.779,0.950,0,1차선,0,2.62,-0.50,2.57,0
17.000,36.72885620045595,127.44349852662495,134.58,2.870,0.951,0,1차선,0,2.60,-0.41,2.57,0
17.100,36.7288544376842,127.44350082382118,134.55,2.949,0.951,0,1차선,0,2.59,-0.33,2.56,0
17.200,36.72885264210191,127.44350316752937,134.51,3.014,0.952,0,1차선,0,2.58,-0.26,2.56,0
17.300,36.72885081795316,127.44350555187326,134.49,3.065,0.952,0,1차선,0,2.57,-0.20,2.56,0
17.400,36.728848969869794,127.44350797043903,134.48,3.107,0.953,0,1차선,0,2.56,-0.15,2.56,0
17.500,36.728847102688086,127.44351041654114,134.42,3.147,0.954,0,1차선,0,2.56,-0.10,2.56,0
17.600,36.72884522175717,127.44351288302279,134.42,3.164,0.954,0,1차선,0,2.56,-0.07,2.56,0
17.700,36.72884333084993,127.44351536393562,134.45,3.162,0.955,0,1차선,0,2.56,-0.03,2.56,0
17.800,36.72884143294165,127.44351785402338,134.43,3.143,0.955,0,1차선,0,2.55,-0.01,2.55,0
17.900,36.728839530184274,127.44352034905289,134.37,3.111,0.956,0,1차선,0,2.55,0.01,2.55,0
18.000,36.728837623962576,127.44352284595546,134.34,3.071,0.957,0,1차선,0,2.55,0.03,2.55,0
18.100,36.72883571517324,127.44352534243687,134.30,3.035,0.958,0,1차선,0,2.55,0.05,2.55,0
18.200,36.72883380206309,127.44352783929247,134.30,3.006,0.958,0,1차선,0,2.54,0.06,2.54,0
18.300,36.728831882488926,127.44353033784094,134.33,2.993,0.958,0,1차선,0,2.54,0.08,2.54,0
18.400,36.728829953776604,127.44353284019724,134.42,2.992,0.959,0,1차선,0,2.54,0.10,2.53,0
18.500,36.72882801271507,127.4435353493573,134.70,2.997,0.960,0,1차선,0,2.53,0.12,2.53,0
18.600,36.728826055940935,127.44353786936371,135.02,3.016,0.961,0,1차선,0,2.53,0.15,2.52,0
18.700,36.72882407892726,127.44354040624926,135.14,3.058,0.962,0,1차선,0,2.52,0.16,2.52,0
18.800,36.728822077662656,127.44354296502591,135.20,3.115,0.962,0,1차선,0,2.52,0.18,2.51,0
18.900,36.72882004809554,127.4435455505647,135.29,3.181,0.963,0,1차선,0,2.51,0.19,2.51,0
19.000,36.72881798636208,127.44354816747683,135.43,3.253,0.964,0,1차선,0,2.51,0.20,2.50,0
19.100,36.7288158883731,127.44355082097516,135.70,3.336,0.965,0,1차선,0,2.51,0.21,2.50,0
19.200,36.728813750799404,127.44355351587924,135.73,3.420,0.966,0,1차선,0,2.50,0.21,2.50,0
19.300,36.7288115715559,127.44355625526629,135.72,3.501,0.966,0,1차선,0,2.50,0.20,2.49,0
19.400,36.728809349832375,127.44355904086706,135.74,3.575,0.967,0,1차선,0,2.50,0.18,2.49,0
19.500,36.72880708639522,127.4435618728208,135.82,3.646,0.967,0,1차선,0,2.50,0.16,2.49,0
19.600,36.72880478322456,127.44356475047648,135.86,3.703,0.968,0,1차선,0,2.49,0.12,2.49,0
19.700,36.728802445398536,127.44356766931149,135.89,3.745,0.969,0,1차선,0,2.49,0.08,2.49,0
19.800,36.72880007898502,127.4435706233685,135.85,3.775,0.969,0,1차선,0,2.49,0.02,2.49,0
19.900,36.72879769106234,127.44357360504938,135.75,3.796,0.970,0,1차선,0,2.49,-0.04,2.49,0
20.000,36.72879528938344,127.4435766053337,135.65,3.816,0.971,0,1차선,0,2.50,-0.12,2.50,0
20.100,36.72879288164995,127.44357961464655,135.77,3.827,0.972,0,1차선,0,2.51,-0.20,2.50,0
20.200,36.72879047584384,127.44358262167684,135.85,3.829,0.972,0,1차선,0,2.52,-0.29,2.50,0
20.300,36.728788080034796,127.44358561549564,135.85,3.822,0.972,0,1차선,0,2.54,-0.38,2.51,0
20.400,36.72878570232526,127.44358858576255,135.79,3.802,0.973,0,1차선,0,2.56,-0.49,2.51,0
20.500,36.72878335047902,127.44359152302648,135.68,3.761,0.973,0,1차선,0,2.58,-0.60,2.51,0
20.600,36.728781031737626,127.44359441839055,135.68,3.712,0.974,0,1차선,0,2.61,-0.70,2.52,0
20.700,36.728778750969845,127.44359726491409,135.65,3.639,0.975,0,1차선,0,2.65,-0.81,2.52,0
20.800,36.728776512599715,127.44360005652813,135.60,3.550,0.975,0,1차선,0,2.68,-0.92,2.52,0
20.900,36.7287743198235,127.44360278884884,135.58,3.449,0.975,0,1차선,0,2.72,-1.02,2.52,0
21.000,36.72877217467981,127.44360545890751,135.66,3.339,0.976,0,1차선,0,2.75,-1.11,2.52,0
21.100,36.7287700780651,127.44360806496833,135.84,3.237,0.977,0,1차선,0,2.79,-1.19,2.52,0
21.200,36.7287680278713,127.44361060866648,136.07,3.135,0.977,0,1차선,0,2.82,-1.26,2.52,0
21.300,36.72876602129746,127.4436130927354,136.31,3.045,0.977,0,1차선,0,2.85,-1.32,2.52,0
21.400,36.72876405450081,127.44361552138307,136.49,2.969,0.978,0,1차선,0,2.87,-1.37,2.52,0
21.500,36.72876212249211,127.44361790036973,136.49,2.908,0.979,0,1차선,0,2.89,-1.43,2.51,0
21.600,36.72876021891642,127.44362023767077,136.58,2.851,0.980,0,1차선,0,2.90,-1.47,2.51,0
21.700,36.72875833617386,127.4436225431516,136.44,2.808,0.981,0,1차선,0,2.91,-1.51,2.49,0
21.800,36.72875646606212,127.44362482665562,136.36,2.783,0.981,0,1차선,0,2.92,-1.54,2.48,0
21.900,36.72875460023546,127.44362709834711,136.43,2.775,0.981,0,1차선,0,2.92,-1.56,2.47,0
22.000,36.72875273079381,127.44362936817494,136.57,2.783,0.982,0,1차선,0,2.92,-1.58,2.46,0
22.100,36.72875084954318,127.44363164715004,136.62,2.807,0.982,0,1차선,0,2.92,-1.59,2.45,0
22.200,36.72874895153936,127.44363394218664,136.76,2.842,0.983,0,1차선,0,2.92,-1.59,2.44,0
22.300,36.72874703349416,127.44363625792269,136.86,2.895,0.983,0,1차선,0,2.91,-1.60,2.43,0
22.400,36.72874509395089,127.4436385966186,136.89,2.960,0.984,0,1차선,0,2.90,-1.60,2.42,0
22.500,36.728743133212355,127.44364095804139,136.96,3.032,0.984,0,1차선,0,2.90,-1.60,2.41,0
22.600,36.728741152719145,127.44364334046013,136.95,3.098,0.985,0,1차선,0,2.89,-1.61,2.40,0
22.700,36.728739158045265,127.44364573680534,136.97,3.156,0.986,0,1차선,0,2.88,-1.61,2.39,0
22.800,36.72873715587683,127.44364813869545,137.00,3.207,0.986,0,1차선,0,2.87,-1.61,2.38,0
22.900,36.72873515411921,127.44365053606411,136.99,3.243,0.986,0,1차선,0,2.86,-1.60,2.37,0
23.000,36.72873316149246,127.44365291768393,136.83,3.250,0.987,0,1차선,0,2.85,-1.60,2.36,0
23.100,36.728731187098504,127.44365527216186,136.95,3.223,0.987,0,1차선,0,2.84,-1.58,2.36,0
23.200,36.72872924194486,127.44365758550418,137.14,3.162,0.988,0,1차선,0,2.82,-1.55,2.35,0
23.300,36.72872733670425,127.44365984399637,137.24,3.069,0.988,0,1차선,0,2.79,-1.51,2.35,0
23.400,36.728725481565085,127.44366203434458,137.32,2.944,0.988,0,1차선,0,2.76,-1.47,2.34,0
23.500,36.728723685824335,127.44366414391155,137.63,2.794,0.989,0,1차선,0,2.73,-1.41,2.34,0
23.600,36.72872195853956,127.4436661611981,137.83,2.631,0.989,0,1차선,0,2.68,-1.33,2.33,0
23.700,36.72872030673149,127.44366807642767,138.24,2.461,0.989,0,1차선,0,2.63,-1.24,2.32,0
23.800,36.72871873552938,127.44366988162484,138.66,2.291,0.989,0,1차선,0,2.58,-1.14,2.31,0
23.900,36.72871724777538,127.44367157133141,138.96,2.123,0.990,0,1차선,0,2.51,-1.02,2.30,0
24.000,36.72871584414048,127.44367314281725,139.12,1.958,0.990,0,1차선,0,2.45,-0.90,2.27,0
24.100,36.72871452357185,127.44367459598946,139.53,1.800,0.991,0,1차선,0,2.38,-0.75,2.25,0
24.200,36.72871328065004,127.44367593498949,140.10,1.663,0.991,0,1차선,0,2.31,-0.59,2.23,0
24.300,36.728712108203794,127.44367716617009,141.05,1.542,0.991,0,1차선,0,2.24,-0.41,2.20,0
24.400,36.728710997104564,127.44367829827023,142.25,1.436,0.992,0,1차선,0,2.17,-0.21,2.16,0
24.500,36.7287099364132,127.44367934241845,143.37,1.347,0.992,0,1차선,0,2.12,-0.01,2.12,0
24.600,36.72870891442513,127.44368031170318,144.73,1.290,0.993,0,1차선,0,2.07,0.21,2.06,0
24.700,36.72870791783862,127.44368122045898,146.19,1.252,0.993,0,1차선,0,2.04,0.42,2.00,0
24.800,36.72870693281713,127.44368208269792,147.23,1.234,0.993,0,1차선,0,2.02,0.61,1.92,0
24.900,36.72870594543076,127.44368291265484,147.85,1.237,0.993,0,1차선,0,2.01,0.79,1.85,0
25.000,36.7287049421439,127.44368372420082,148.45,1.253,0.994,0,1차선,0,2.01,0.95,1.77,0
25.100,36.728703909751474,127.44368453102335,149.55,1.303,0.994,0,1차선,0,2.02,1.12,1.68,0
25.200,36.72870283723667,127.44368534325821,150.20,1.368,0.995,0,1차선,0,2.04,1.27,1.59,0
25.300,36.728701714048846,127.44368617065264,150.53,1.444,0.995,0,1차선,0,2.06,1.40,1.51,0
25.400,36.72870053115601,127.44368702154264,150.78,1.531,0.995,0,1차선,0,2.08,1.52,1.43,0
25.500,36.72869928133232,127.44368790290541,151.28,1.631,0.995,0,1차선,0,2.11,1.63,1.34,0
25.600,36.72869795873961,127.4436888205332,151.42,1.720,0.996,0,1차선,0,2.13,1.72,1.26,0
25.700,36.72869656253984,127.44368977581937,151.62,1.812,0.996,0,1차선,0,2.16,1.80,1.18,0
25.800,36.728695093739745,127.4436907690974,151.81,1.908,0.996,0,1차선,0,2.18,1.88,1.11,0
25.900,36.72869355568344,127.44369179893623,152.00,2.001,0.997,0,1차선,0,2.20,1.94,1.03,0
26.000,36.728691953928625,127.4436928621853,152.29,2.085,0.997,0,1차선,0,2.22,2.01,0.94,0
26.100,36.728690295992735,127.44369395456322,152.63,2.163,0.997,0,1차선,0,2.24,2.07,0.86,0
26.200,36.728688592539704,127.44369506942117,152.92,2.236,0.997,0,1차선,0,2.26,2.12,0.77,0
26.300,36.728686854864776,127.44369620000742,153.15,2.297,0.997,0,1차선,0,2.28,2.18,0.69,0
26.400,36.72868509494722,127.44369733940262,153.35,2.343,0.998,0,1차선,0,2.31,2.23,0.60,0
26.500,36.72868332534816,127.44369848065067,153.61,2.367,0.998,0,2차선,0,2.35,2.29,0.51,0
26.600,36.72868155913399,127.44369961677704,153.92,2.353,0.998,0,2차선,0,2.39,2.36,0.42,0
26.700,36.72867980773836,127.44370074069123,154.13,2.323,0.998,0,2차선,0,2.45,2.43,0.32,0
26.800,36.7286780815531,127.44370184613221,154.23,2.270,0.998,0,2차선,0,2.51,2.50,0.23,0
26.900,36.72867638961117,127.44370292808145,154.29,2.194,0.998,0,2차선,0,2.59,2.59,0.14,0
27.000,36.728674739267724,127.44370398293778,154.43,2.098,0.999,0,2차선,0,2.68,2.68,0.04,0
27.100,36.7286731362728,127.44370500790941,154.25,1.985,0.999,0,2차선,0,2.78,2.78,-0.04,0
27.200,36.72867158264719,127.443706002493,153.91,1.873,0.999,0,2차선,0,2.90,2.89,-0.12,0
27.300,36.728670079506244,127.44370696697412,153.44,1.767,0.999,0,2차선,0,3.02,3.02,-0.18,0
27.400,36.72866862632665,127.44370790271901,152.86,1.671,0.999,0,2차선,0,3.16,3.15,-0.24,0
27.500,36.728667220931875,127.44370881213926,152.16,1.591,0.999,0,2차선,0,3.30,3.29,-0.30,0
27.600,36.728665859253866,127.44370969796536,152.05,1.531,0.999,0,1차선,1,3.45,3.43,-0.38,0
27.700,36.72866453574954,127.44371056472114,151.83,1.488,0.999,0,1차선,1,3.61,3.58,-0.45,0
27.800,36.72866324509623,127.44371141748857,151.62,1.463,0.999,0,1차선,1,3.77,3.73,-0.53,0
27.900,36.72866198147433,127.44371226231114,151.53,1.454,0.999,0,1차선,1,3.93,3.88,-0.61,0
28.000,36.72866073871,127.44371310600872,151.71,1.461,0.999,0,1차선,1,4.10,4.03,-0.70,0
28.100,36.7286595101398,127.44371395573214,151.58,1.485,0.999,0,1차선,1,4.26,4.19,-0.77,0
28.200,36.72865829017778,127.44371481829243,151.27,1.529,0.999,0,1차선,1,4.43,4.35,-0.83,0
28.300,36.7286570742599,127.44371569975993,150.90,1.581,0.999,0,1차선,1,4.59,4.51,-0.88,0
28.400,36.728655858624414,127.44371660541083,150.57,1.632,0.999,0,1차선,1,4.76,4.67,-0.93,0
28.500,36.72865464029528,127.44371753967872,150.29,1.678,0.999,0,1차선,1,4.93,4.83,-0.97,0
28.600,36.7286534177399,127.44371850526556,149.85,1.717,0.999,0,1차선,1,5.09,4.99,-1.00,0
28.700,36.72865219150181,127.44371950405508,149.13,1.748,0.999,0,1차선,1,5.26,5.16,-1.00,0
28.800,36.728650962106414,127.44372053835706,148.21,1.767,0.999,0,1차선,1,5.43,5.34,-0.97,0
28.900,36.72864973046555,127.44372161029348,147.07,1.773,0.999,0,1차선,1,5.60,5.53,-0.92,0
29.000,36.72864849770986,127.44372272182545,145.58,1.771,0.999,0,1차선,1,5.78,5.72,-0.81,0
29.100,36.7286472650778,127.44372387481573,143.74,1.764,0.999,0,1차선,1,5.96,5.92,-0.66,0
29.200,36.72864603387486,127.44372507093452,141.92,1.759,0.999,0,1차선,1,6.14,6.12,-0.50,0
29.300,36.728644804436584,127.44372631165689,140.30,1.760,0.999,0,1차선,1,6.32,6.31,-0.34,0
29.400,36.72864357665324,127.44372759819782,138.87,1.762,0.999,0,1차선,1,6.51,6.51,-0.20,0
29.500,36.72864235025544,127.44372893113274,137.52,1.755,0.999,0,1차선,1,6.70,6.70,-0.04,0
29.600,36.7286411237277,127.4437303112128,136.75,1.757,0.999,0,1차선,1,6.89,6.89,0.05,0
29.700,36.72863989622308,127.44373173699613,136.13,1.766,0.999,0,1차선,1,7.09,7.08,0.14,0
29.800,36.72863866693389,127.44373320643936,135.64,1.787,0.999,0,1차선,1,7.28,7.28,0.22,0
29.900,36.72863743547764,127.44373471611159,135.27,1.823,0.999,0,1차선,1,7.47,7.47,0.28,0
30.000,36.728636201536894,127.44373626164298,134.95,1.872,0.999,0,1차선,1,7.67,7.66,0.34,0
30.100,36.72863493040588,127.44373788116812,134.75,1.931,0.999,0,1차선,1,7.85,7.84,0.39,0
30.200,36.728633634761124,127.44373955217324,134.65,1.987,0.999,0,1차선,1,8.03,8.02,0.43,0
30.300,36.72863232862628,127.44374125064704,134.64,2.041,0.999,0,1차선,1,8.21,8.19,0.45,0
30.400,36.72863102502187,127.44374295415302,134.69,2.087,0.999,0,1차선,1,8.38,8.36,0.46,0
30.500,36.728629736122464,127.44374464187179,134.71,2.118,0.999,0,1차선,1,8.55,8.54,0.47,0
30.600,36.72862847346133,127.44374629470171,134.69,2.129,0.998,0,1차선,1,8.73,8.72,0.49,0
30.700,36.7286274269841,127.44374762502902,134.73,2.117,0.998,0,1차선,1,8.93,8.92,0.49,0
30.800,36.72862641460218,127.44374891627953,134.81,2.082,0.998,0,1차선,1,9.13,9.12,0.47,0
30.900,36.72862543631686,127.44375016845338,134.92,2.022,0.998,0,1차선,1,9.33,9.32,0.46,0
31.000,36.728624492128155,127.4437513815506,135.02,1.938,0.998,0,1차선,1,9.53,9.52,0.44,0
31.100,36.728623582036064,127.44375255557114,134.95,1.833,0.998,0,1차선,1,9.73,9.72,0.44,0
31.200,36.72862270604058,127.44375369051505,135.03,1.725,0.997,0,1차선,1,9.93,9.93,0.42,0
31.300,36.728621864141715,127.4437547863823,135.13,1.619,0.997,0,1차선,1,10.14,10.13,0.40,0
31.400,36.728621056339456,127.44375584317291,135.25,1.518,0.997,0,1차선,1,10.35,10.34,0.36,0
31.500,36.728620282633834,127.4437568608869,135.45,1.428,0.997,0,1차선,1,10.56,10.55,0.31,0
31.600,36.72861954302481,127.44375783952424,135.46,1.425,0.997,0,1차선,1,10.77,10.77,0.29,0
31.700,36.72861883751241,127.44375877908492,135.46,1.425,0.997,0,1차선,1,10.98,10.98,0.27,0
31.800,36.72861816609664,127.44375967956898,135.46,1.425,0.997,0,1차선,1,11.20,11.19,0.25,0
31.900,36.72861752877748,127.44376054097641,135.46,1.425,0.997,0,1차선,1,11.41,11.41,0.23,0
32.000,36.72861692555493,127.44376136330723,135.46,1.425,0.997,0,1차선,1,11.63,11.63,0.20,0
32.100,36.72861635642902,127.44376214656141,135.46,1.425,0.997,0,1차선,1,11.85,11.85,0.17,0
