iTOW,ecefX,ecefY,ecefZ,pAcc,bag_t.secs,bag_t.nsecs
462851625,-311167172,406355647,379340358,176,1778834033,690713122
462851750,-311167172,406355646,379340357,176,1778834033,815673467
462851875,-311167171,406355646,379340356,176,1778834033,939672919
462852000,-311167173,406355647,379340357,176,1778834034,65947594
462852125,-311167173,406355647,379340357,176,1778834034,190435660
462852250,-311167172,406355647,379340356,176,1778834034,316477208
462852375,-311167173,406355648,379340357,176,1778834034,440625310
462852500,-311167174,406355649,379340355,176,1778834034,565897608
462852625,-311167174,406355650,379340356,176,1778834034,690507724
462852750,-311167174,406355650,379340356,176,1778834034,815555996
462852875,-311167175,406355651,379340357,176,1778834034,938233985
462853000,-311167173,406355649,379340354,176,1778834035,71609178
462853125,-311167175,406355649,379340356,176,1778834035,191815086
462853250,-311167175,406355650,379340355,176,1778834035,317155337
462853375,-311167175,406355652,379340357,176,1778834035,440634791
462853500,-311167175,406355650,379340355,176,1778834035,566655927
462853625,-311167176,406355651,379340356,176,1778834035,692057708
462853750,-311167176,406355651,379340356,177,1778834035,815450736
462853875,-311167175,406355650,379340354,177,1778834035,939095961
462854000,-311167176,406355651,379340355,177,1778834036,69759828
462854125,-311167176,406355652,379340354,177,1778834036,190651372
462854250,-311167177,406355653,379340354,177,1778834036,315715770
462854375,-311167176,406355652,379340353,177,1778834036,439886886
462854500,-311167176,406355651,379340353,177,1778834036,565146454
462854625,-311167177,406355652,379340354,177,1778834036,690955940
462854750,-311167177,406355653,379340353,177,1778834036,812957117
462854875,-311167176,406355653,379340354,177,1778834036,939785540
462855000,-311167176,406355653,379340353,177,1778834037,68426826
462855125,-311167176,406355653,379340352,177,1778834037,191263391
462855250,-311167176,406355654,379340353,178,1778834037,316147946
462855375,-311167177,406355654,379340353,178,1778834037,439695592
462855500,-311167177,406355654,379340351,178,1778834037,564809220
462855625,-311167176,406355653,379340351,178,1778834037,686180240
462855750,-311167176,406355653,379340351,178,1778834037,814006448
462855875,-311167176,406355654,379340352,178,1778834037,940647992
462856000,-311167176,406355653,379340350,178,1778834038,70869204
462856125,-311167176,406355653,379340351,178,1778834038,190991661
462856250,-311167177,406355653,379340351,178,1778834038,315602870
462856375,-311167177,406355653,379340351,178,1778834038,439536282
462856500,-311167176,406355653,379340350,178,1778834038,560710372
462856625,-311167177,406355654,379340351,178,1778834038,690174856
462856750,-311167177,406355655,379340350,178,1778834038,815327123
462856875,-311167177,406355654,379340350,179,1778834038,940033563
462857000,-311167177,406355655,379340350,179,1778834039,69878556
462857125,-311167177,406355654,379340349,179,1778834039,189738257
462857250,-311167177,406355655,379340350,179,1778834039,315647404
462857375,-311167177,406355654,379340350,179,1778834039,438138717
462857500,-311167178,406355656,379340350,179,1778834039,564687580
462857625,-311167177,406355655,379340350,179,1778834039,690017065
462857750,-311167177,406355655,379340349,179,1778834039,814013285
462857875,-311167177,406355656,379340350,179,1778834039,938658352
462858000,-311167177,406355656,379340349,179,1778834040,68522361
462858125,-311167177,406355657,379340350,179,1778834040,189798091
462858250,-311167179,406355659,379340350,179,1778834040,315748933
462858375,-311167177,406355658,379340349,179,1778834040,440286329
462858500,-311167178,406355659,379340350,179,1778834040,565821569
462858625,-311167178,406355658,379340350,180,1778834040,689904761
462858750,-311167179,406355660,379340350,180,1778834040,815551085
462858875,-311167180,406355660,379340351,180,1778834040,940083063
462859000,-311167179,406355661,379340351,180,1778834041,70482980
462859125,-311167179,406355660,379340351,180,1778834041,190408243
462859250,-311167179,406355662,379340351,180,1778834041,313019022
462859375,-311167180,406355662,379340351,180,1778834041,439865303
462859500,-311167180,406355662,379340351,180,1778834041,564811327
462859625,-311167181,406355663,379340351,180,1778834041,689667805
462859750,-311167179,406355661,379340349,180,1778834041,814107454
462859875,-311167180,406355662,379340350,180,1778834041,939087335
462860000,-311167180,406355663,379340350,180,1778834042,69033155
462860125,-311167182,406355664,379340352,180,1778834042,186188560
462860250,-311167181,406355664,379340352,180,1778834042,315041428
462860375,-311167182,406355665,379340352,180,1778834042,438971445
462860500,-311167182,406355666,379340353,180,1778834042,564542908
462860625,-311167182,406355666,379340353,180,1778834042,689828125
462860750,-311167181,406355665,379340352,180,1778834042,814896414
462860875,-311167183,406355667,379340353,180,1778834042,940044958
462861000,-311167182,406355666,379340353,179,1778834043,66357860
462861125,-311167183,406355668,379340354,179,1778834043,190396525
462861250,-311167182,406355669,379340354,179,1778834043,317257016
462861375,-311167183,406355668,379340353,179,1778834043,440520513
462861500,-311167183,406355669,379340354,179,1778834043,564984731
462861625,-311167183,406355669,379340353,179,1778834043,689979325
462861750,-311167182,406355669,379340352,179,1778834043,814902237
462861875,-311167185,406355670,379340352,179,1778834043,938018806
462862000,-311167186,406355669,379340350,179,1778834044,70491623
462862125,-311167189,406355669,379340348,179,1778834044,191152605
462862250,-311167194,406355670,379340344,179,1778834044,316830188
462862375,-311167200,406355670,379340340,179,1778834044,439371826
462862500,-311167204,406355668,379340335,179,1778834044,564520994
462862625,-311167209,406355668,379340331,179,1778834044,690437012
462862750,-311167216,406355669,379340329,179,1778834044,815022668
462862875,-311167220,406355668,379340326,179,1778834044,939952459
462863000,-311167223,406355668,379340322,179,1778834045,68976539
462863125,-311167228,406355668,379340320,179,1778834045,189563182
462863250,-311167233,406355669,379340318,179,1778834045,315951988
462863375,-311167235,406355669,379340316,179,1778834045,438700712
462863500,-311167238,406355667,379340312,179,1778834045,563876671
462863625,-311167243,406355667,379340308,179,1778834045,689163951
462863750,-311167248,406355668,379340306,179,1778834045,812155419
462863875,-311167255,406355667,379340302,179,1778834045,938907474
462864000,-311167262,406355667,379340296,179,1778834046,68944076
462864125,-311167270,406355666,379340289,179,1778834046,189069238
462864250,-311167280,406355666,379340284,179,1778834046,315661953
462864375,-311167289,406355664,379340277,179,1778834046,439092449
462864500,-311167298,406355663,379340269,179,1778834046,564048934
462864625,-311167308,406355662,379340263,179,1778834046,685713789
462864750,-311167319,406355662,379340255,179,1778834046,813677622
462864875,-311167330,406355661,379340246,179,1778834046,938713092
462865000,-311167342,406355659,379340237,179,1778834047,69650088
462865125,-311167355,406355658,379340227,179,1778834047,190126057
462865250,-311167369,406355656,379340216,179,1778834047,316872415
462865375,-311167384,406355656,379340204,179,1778834047,440022372
462865500,-311167400,406355654,379340193,179,1778834047,560821872
462865625,-311167415,406355652,379340180,179,1778834047,690100035
462865750,-311167431,406355649,379340166,179,1778834047,815236589
462865875,-311167449,406355649,379340154,179,1778834047,939805019
462866000,-311167466,406355649,379340143,179,1778834048,70037095
462866125,-311167481,406355644,379340130,179,1778834048,190212262
462866250,-311167498,406355646,379340118,179,1778834048,315382050
462866374,-311167513,406355642,379340104,179,1778834048,438073584
462866499,-311167532,406355641,379340092,179,1778834048,567012439
462866624,-311167548,406355638,379340078,179,1778834048,690481109
462866749,-311167567,406355637,379340063,179,1778834048,814889445
462866874,-311167585,406355634,379340049,179,1778834048,938696318
462866999,-311167601,406355634,379340037,179,1778834049,68831271
462867124,-311167617,406355631,379340024,179,1778834049,189641628
462867249,-311167633,406355630,379340013,179,1778834049,315847454
462867375,-311167647,406355628,379340001,179,1778834049,441785140
462867500,-311167662,406355625,379339990,180,1778834049,565083372
462867625,-311167675,406355623,379339979,180,1778834049,690876697
462867750,-311167690,406355621,379339968,180,1778834049,815329852
462867875,-311167705,406355619,379339957,180,1778834049,940519455
462868000,-311167719,406355616,379339944,180,1778834050,70763300
462868125,-311167736,406355612,379339930,180,1778834050,192286741
462868250,-311167754,406355610,379339917,180,1778834050,314209207
462868375,-311167774,406355609,379339903,180,1778834050,440547885
462868500,-311167794,406355606,379339887,180,1778834050,565930591
462868625,-311167815,406355604,379339873,180,1778834050,691934149
462868750,-311167836,406355602,379339857,180,1778834050,815335453
462868875,-311167857,406355597,379339840,180,1778834050,940898976
462869000,-311167880,406355594,379339824,180,1778834051,70358383
462869125,-311167904,406355591,379339807,180,1778834051,188137861
462869250,-311167926,406355588,379339789,180,1778834051,315681871
462869375,-311167948,406355583,379339771,180,1778834051,440539779
462869500,-311167971,406355581,379339755,180,1778834051,566860955
462869625,-311167994,406355577,379339739,180,1778834051,692745328
462869750,-311168015,406355574,379339721,180,1778834051,815226940
462869875,-311168037,406355573,379339704,180,1778834051,940339676
462870000,-311168059,406355569,379339687,180,1778834052,66106019
462870125,-311168081,406355564,379339671,180,1778834052,192014345
462870250,-311168102,406355562,379339654,181,1778834052,316739664
462870375,-311168127,406355560,379339639,181,1778834052,442018665
462870500,-311168150,406355555,379339623,181,1778834052,566145479
462870625,-311168175,406355551,379339606,181,1778834052,690934781
462870750,-311168198,406355546,379339589,181,1778834052,815193625
462870875,-311168222,406355540,379339570,181,1778834052,938767917
462871000,-311168248,406355536,379339555,181,1778834053,70217870
462871125,-311168273,406355533,379339538,181,1778834053,192708938
462871250,-311168296,406355527,379339520,181,1778834053,317368639
462871375,-311168322,406355525,379339504,181,1778834053,440852427
462871500,-311168346,406355520,379339488,181,1778834053,565189079
462871625,-311168370,406355516,379339472,181,1778834053,690821151
462871750,-311168395,406355511,379339454,181,1778834053,814097342
462871875,-311168419,406355507,379339436,181,1778834053,939816186
462872000,-311168444,406355504,379339419,181,1778834054,69732927
462872125,-311168468,406355499,379339401,181,1778834054,191945129
462872250,-311168492,406355495,379339385,181,1778834054,317747223
462872375,-311168515,406355491,379339370,181,1778834054,441095892
462872500,-311168537,406355487,379339357,182,1778834054,567708878
462872625,-311168556,406355482,379339345,182,1778834054,693490780
462872750,-311168573,406355476,379339338,182,1778834054,814689813
462872875,-311168589,406355472,379339330,182,1778834054,942179141
462873000,-311168601,406355465,379339324,182,1778834055,70957507
462873125,-311168613,406355461,379339318,182,1778834055,193112544
462873250,-311168625,406355453,379339313,182,1778834055,318116299
462873375,-311168638,406355450,379339309,182,1778834055,443373418
462873500,-311168649,406355443,379339302,182,1778834055,567859762
462873625,-311168662,406355437,379339298,182,1778834055,690419706
462873750,-311168676,406355432,379339295,182,1778834055,818313827
462873875,-311168691,406355424,379339289,182,1778834055,942584394
462874000,-311168708,406355417,379339284,182,1778834056,73017653
462874125,-311168724,406355406,379339276,182,1778834056,193541906
462874250,-311168743,406355398,379339269,182,1778834056,318066198
462874375,-311168765,406355387,379339261,182,1778834056,441091173
462874500,-311168786,406355376,379339253,182,1778834056,561917949
462874625,-311168810,406355366,379339246,181,1778834056,691817336
462874750,-311168834,406355355,379339237,181,1778834056,816580378
462874875,-311168857,406355343,379339227,181,1778834056,941768974
462875000,-311168882,406355332,379339218,181,1778834057,71904980
462875125,-311168907,406355319,379339208,181,1778834057,192625216
462875250,-311168933,406355308,379339200,181,1778834057,317886721
462875375,-311168958,406355296,379339190,181,1778834057,439919755
462875500,-311168983,406355285,379339179,181,1778834057,567594749
462875625,-311169009,406355274,379339169,181,1778834057,693448164
462875750,-311169035,406355262,379339156,181,1778834057,816685689
462875875,-311169063,406355252,379339145,181,1778834057,941356166
462876000,-311169090,406355241,379339133,181,1778834058,71543478
462876125,-311169117,406355229,379339120,181,1778834058,191950047
462876250,-311169146,406355216,379339108,181,1778834058,317776163
462876375,-311169174,406355204,379339093,181,1778834058,442682090
462876500,-311169204,406355193,379339081,181,1778834058,567427096
462876625,-311169233,406355181,379339067,181,1778834058,691644451
462876750,-311169263,406355169,379339053,181,1778834058,815553373
462876875,-311169290,406355160,379339037,181,1778834058,941056166
462877000,-311169317,406355153,379339023,181,1778834059,72302614
462877125,-311169339,406355147,379339007,181,1778834059,193215281
462877250,-311169360,406355144,379338993,181,1778834059,315041540
462877375,-311169376,406355140,379338977,181,1778834059,441841734
462877500,-311169395,406355140,379338966,181,1778834059,565802702
462877625,-311169410,406355138,379338949,181,1778834059,691362957
462877750,-311169427,406355138,379338937,181,1778834059,815441152
462877875,-311169442,406355137,379338923,181,1778834059,941724278
462878000,-311169459,406355137,379338909,181,1778834060,70075996
462878125,-311169476,406355135,379338895,181,1778834060,188393744
462878250,-311169494,406355133,379338879,181,1778834060,315688703
462878375,-311169515,406355133,379338865,181,1778834060,440036363
462878500,-311169537,406355128,379338851,181,1778834060,565658188
462878625,-311169559,406355120,379338836,181,1778834060,691582185
462878750,-311169586,406355115,379338825,181,1778834060,815417600
462878875,-311169611,406355105,379338809,181,1778834060,941007159
462879000,-311169639,406355095,379338795,181,1778834061,65707644
462879125,-311169669,406355085,379338780,181,1778834061,191357295
462879250,-311169700,406355076,379338765,181,1778834061,316530030
462879375,-311169729,406355066,379338747,182,1778834061,441384562
462879500,-311169761,406355056,379338733,182,1778834061,565587950
462879625,-311169787,406355047,379338717,182,1778834061,690289667
462879750,-311169813,406355041,379338704,182,1778834061,813313426
462879875,-311169837,406355038,379338691,182,1778834061,937701951
462880000,-311169857,406355030,379338674,182,1778834062,70258193
462880125,-311169877,406355025,379338661,182,1778834062,191625720
462880250,-311169898,406355023,379338650,182,1778834062,315625204
462880375,-311169916,406355018,379338638,182,1778834062,439643434
462880500,-311169935,406355015,379338626,182,1778834062,564157302
462880625,-311169952,406355011,379338613,182,1778834062,690356123
462880750,-311169971,406355006,379338601,183,1778834062,814539776
462880875,-311169991,406355002,379338588,183,1778834062,940436510
462881000,-311170011,406354998,379338575,183,1778834063,69636568
462881125,-311170034,406354994,379338561,183,1778834063,189983212
462881250,-311170056,406354987,379338543,183,1778834063,316014875
462881375,-311170080,406354982,379338526,183,1778834063,441573682
462881500,-311170106,406354976,379338508,183,1778834063,566805726
462881625,-311170133,406354971,379338489,183,1778834063,692035893
462881750,-311170162,406354965,379338469,184,1778834063,813449037
462881875,-311170194,406354959,379338446,184,1778834063,940933112
462882000,-311170226,406354952,379338422,184,1778834064,71033396
462882125,-311170261,406354946,379338399,184,1778834064,191981406
462882250,-311170295,406354938,379338371,184,1778834064,317169362
462882375,-311170331,406354933,379338345,184,1778834064,442096758
462882500,-311170368,406354928,379338319,184,1778834064,566739194
462882625,-311170404,406354923,379338291,184,1778834064,687452699
462882750,-311170440,406354917,379338265,185,1778834064,815251635
462882875,-311170475,406354915,379338239,185,1778834064,941241413
462883000,-311170508,406354911,379338214,185,1778834065,71575957
462883125,-311170542,406354908,379338189,185,1778834065,191827011
462883250,-311170577,406354905,379338164,185,1778834065,316350791
462883375,-311170609,406354902,379338139,185,1778834065,439859623
462883500,-311170639,406354898,379338115,185,1778834065,560414794
462883625,-311170669,406354897,379338093,186,1778834065,689999671
462883750,-311170696,406354894,379338075,186,1778834065,815106243
462883875,-311170722,406354890,379338058,186,1778834065,940193617
462884000,-311170745,406354886,379338041,186,1778834066,70065252
462884125,-311170768,406354884,379338024,186,1778834066,190860845
462884250,-311170790,406354880,379338010,186,1778834066,316220453
462884375,-311170810,406354875,379337995,186,1778834066,438462799
462884500,-311170832,406354873,379337979,186,1778834066,564345424
462884625,-311170855,406354871,379337965,186,1778834066,690783574
462884750,-311170875,406354865,379337948,187,1778834066,814114441
462884875,-311170899,406354862,379337932,187,1778834066,939556003
462885000,-311170924,406354859,379337915,187,1778834067,69480391
462885125,-311170950,406354855,379337896,187,1778834067,189869968
462885250,-311170976,406354851,379337877,187,1778834067,315032294
462885375,-311171004,406354845,379337856,187,1778834067,440070380
462885500,-311171035,406354841,379337836,187,1778834067,564016615
462885625,-311171067,406354837,379337814,187,1778834067,689436229
462885750,-311171098,406354830,379337790,188,1778834067,812646898
462885875,-311171129,406354825,379337768,188,1778834067,939379032
462886000,-311171163,406354818,379337744,188,1778834068,69013854
462886125,-311171196,406354812,379337720,188,1778834068,189953681
462886250,-311171229,406354808,379337696,188,1778834068,311808105
462886375,-311171259,406354800,379337673,188,1778834068,439158889
462886500,-311171289,406354795,379337651,188,1778834068,564589045
462886625,-311171319,406354790,379337630,188,1778834068,690239102
462886750,-311171348,406354785,379337610,189,1778834068,813873878
462886875,-311171379,406354779,379337590,189,1778834068,940004212
462887000,-311171408,406354775,379337569,189,1778834069,69112541
462887125,-311171436,406354771,379337546,189,1778834069,187229405
462887250,-311171467,406354767,379337526,189,1778834069,315034213
462887375,-311171498,406354761,379337502,189,1778834069,440218217
462887500,-311171532,406354757,379337480,189,1778834069,564803814
462887625,-311171566,406354755,379337454,190,1778834069,690030720
462887750,-311171602,406354750,379337429,190,1778834069,813569262
462887875,-311171637,406354742,379337401,190,1778834069,939043394
462888000,-311171675,406354738,379337373,190,1778834070,64814772
462888125,-311171714,406354733,379337345,190,1778834070,189139109
462888250,-311171754,406354730,379337317,190,1778834070,314639870
462888375,-311171791,406354724,379337290,190,1778834070,439643163
462888500,-311171830,406354716,379337261,190,1778834070,564155221
462888625,-311171869,406354712,379337232,191,1778834070,689626560
462888750,-311171907,406354705,379337202,191,1778834070,812744870
462888875,-311171948,406354702,379337174,191,1778834070,937085020
462889000,-311171985,406354694,379337146,191,1778834071,69350498
462889125,-311172023,406354689,379337117,191,1778834071,191415744
462889250,-311172059,406354683,379337090,191,1778834071,316391044
462889375,-311172095,406354677,379337065,191,1778834071,439323588
462889500,-311172127,406354673,379337042,191,1778834071,563293403
462889625,-311172159,406354668,379337018,192,1778834071,689568767
462889750,-311172187,406354665,379336997,192,1778834071,813052821
462889875,-311172214,406354660,379336973,192,1778834071,938774455
462890000,-311172244,406354656,379336953,192,1778834072,68048233
462890125,-311172270,406354654,379336932,192,1778834072,190638153
462890250,-311172296,406354647,379336913,192,1778834072,314862381
462890375,-311172323,406354644,379336893,192,1778834072,439954368
462890500,-311172351,406354643,379336874,192,1778834072,564480828
462890625,-311172377,406354637,379336852,192,1778834072,691428587
462890750,-311172405,406354635,379336831,193,1778834072,812357507
462890875,-311172434,406354630,379336808,193,1778834072,939657974
462891000,-311172465,406354628,379336786,193,1778834073,68954396
462891125,-311172497,406354623,379336761,193,1778834073,189417359
462891250,-311172529,406354618,379336736,193,1778834073,314897606
462891375,-311172562,406354613,379336707,193,1778834073,439760016
462891500,-311172596,406354606,379336682,193,1778834073,563861298
462891625,-311172632,406354604,379336658,193,1778834073,685956376
462891750,-311172665,406354601,379336631,193,1778834073,812556432
462891875,-311172697,406354597,379336610,193,1778834073,938528164
462892000,-311172724,406354595,379336587,193,1778834074,69026717
462892125,-311172749,406354590,379336568,194,1778834074,189851087
462892250,-311172772,406354591,379336551,194,1778834074,314130078
462892375,-311172791,406354588,379336532,194,1778834074,438462708
462892500,-311172809,406354584,379336519,194,1778834074,559176038
462892625,-311172825,406354584,379336507,194,1778834074,688342531
462892750,-311172839,406354581,379336496,194,1778834074,812904749
462892875,-311172851,406354582,379336485,194,1778834074,938295920
462893000,-311172863,406354583,379336477,194,1778834075,67282503
462893125,-311172873,406354582,379336466,194,1778834075,189011544
462893250,-311172880,406354582,379336454,194,1778834075,314184451
462893375,-311172893,406354584,379336446,194,1778834075,437308428
462893500,-311172901,406354582,379336436,194,1778834075,565491613
462893625,-311172912,406354585,379336425,195,1778834075,691064351
462893750,-311172924,406354587,379336412,195,1778834075,814475404
462893875,-311172936,406354586,379336399,195,1778834075,939379114
462894000,-311172950,406354589,379336382,195,1778834076,68909300
462894125,-311172967,406354591,379336367,195,1778834076,189340616
462894250,-311172980,406354589,379336347,195,1778834076,314350253
462894375,-311172998,406354592,379336328,195,1778834076,439371468
462894500,-311173018,406354597,379336310,195,1778834076,563398424
462894625,-311173035,406354597,379336287,195,1778834076,688517024
462894750,-311173055,406354601,379336264,195,1778834076,812174655
462894875,-311173077,406354604,379336241,195,1778834076,938450191
462895000,-311173098,406354608,379336216,195,1778834077,67647981
462895125,-311173118,406354612,379336194,195,1778834077,190264827
462895250,-311173139,406354617,379336171,195,1778834077,312251253
462895375,-311173160,406354621,379336150,196,1778834077,439032730
462895500,-311173176,406354625,379336129,196,1778834077,563393476
462895625,-311173193,406354629,379336114,196,1778834077,689907547
462895750,-311173208,406354633,379336100,196,1778834077,814033245
462895875,-311173219,406354632,379336084,196,1778834077,940493915
462896000,-311173235,406354635,379336073,196,1778834078,69129920
462896125,-311173245,406354637,379336060,196,1778834078,186241604
462896250,-311173257,406354637,379336048,196,1778834078,315259184
462896375,-311173269,406354638,379336036,196,1778834078,440837868
462896500,-311173280,406354641,379336023,196,1778834078,565370748
462896625,-311173292,406354642,379336011,196,1778834078,691082112
462896750,-311173306,406354644,379335996,196,1778834078,815201270
462896875,-311173320,406354644,379335980,196,1778834078,939599744
462897000,-311173333,406354644,379335963,196,1778834079,65953645
462897125,-311173350,406354647,379335947,196,1778834079,190475908
462897250,-311173367,406354649,379335931,196,1778834079,315127352
462897375,-311173382,406354648,379335913,196,1778834079,440409905
462897500,-311173399,406354650,379335898,196,1778834079,564234422
462897625,-311173416,406354648,379335883,196,1778834079,689078129
462897750,-311173432,406354645,379335870,196,1778834079,812912744
462897875,-311173451,406354642,379335855,196,1778834079,936999017
462898000,-311173469,406354640,379335844,196,1778834080,68931315
462898125,-311173485,406354636,379335830,196,1778834080,189784423
462898250,-311173503,406354634,379335820,196,1778834080,315039185
462898375,-311173521,406354632,379335807,196,1778834080,439030526
462898500,-311173539,406354628,379335793,196,1778834080,563080406
462898625,-311173560,406354624,379335778,196,1778834080,690068735
462898750,-311173581,406354620,379335764,196,1778834080,815254872
462898875,-311173603,406354615,379335746,196,1778834080,940603475
462899000,-311173627,406354613,379335731,196,1778834081,70381464
462899125,-311173649,406354607,379335713,196,1778834081,190674302
462899250,-311173672,406354603,379335696,196,1778834081,315109645
462899375,-311173695,406354601,379335681,196,1778834081,440732449
462899500,-311173715,406354598,379335665,196,1778834081,567705208
462899625,-311173733,406354595,379335653,196,1778834081,692100088
462899750,-311173750,406354595,379335642,196,1778834081,812510438
462899875,-311173764,406354592,379335632,196,1778834081,940431395
462900000,-311173778,406354591,379335623,196,1778834082,69963715
462900125,-311173790,406354592,379335615,196,1778834082,190166721
462900250,-311173801,406354587,379335606,196,1778834082,315957592
462900375,-311173812,406354587,379335597,196,1778834082,440957961
462900500,-311173825,406354587,379335590,196,1778834082,565669056
462900625,-311173837,406354585,379335581,196,1778834082,686982452
462900750,-311173850,406354583,379335571,196,1778834082,814736026
462900875,-311173865,406354582,379335561,196,1778834082,940819125
462901000,-311173880,406354581,379335551,196,1778834083,70198162
462901125,-311173897,406354578,379335537,196,1778834083,191377725
462901250,-311173915,406354576,379335524,196,1778834083,316332657
462901375,-311173937,406354575,379335511,195,1778834083,440251367
462901500,-311173958,406354572,379335494,195,1778834083,560843074
462901625,-311173981,406354569,379335476,195,1778834083,690619112
462901750,-311174006,406354567,379335458,195,1778834083,814873424
462901875,-311174031,406354564,379335441,195,1778834083,940603667
462902000,-311174056,406354561,379335422,195,1778834084,69128440
462902125,-311174081,406354557,379335402,195,1778834084,190751875
462902250,-311174107,406354556,379335385,194,1778834084,316081361
462902375,-311174127,406354552,379335367,194,1778834084,438228094
462902500,-311174149,406354551,379335353,194,1778834084,565626549
462902625,-311174167,406354550,379335340,194,1778834084,691211124
462902750,-311174182,406354547,379335328,194,1778834084,815880850
462902875,-311174196,406354546,379335318,194,1778834084,940627359
462903000,-311174208,406354544,379335308,194,1778834085,69092957
462903125,-311174220,406354546,379335302,194,1778834085,189927950
462903250,-311174229,406354545,379335295,193,1778834085,315427340
462903375,-311174236,406354543,379335289,193,1778834085,440834260
462903500,-311174243,406354542,379335284,193,1778834085,567104215
462903625,-311174249,406354543,379335281,193,1778834085,690851571
462903750,-311174254,406354541,379335277,193,1778834085,815770844
462903875,-311174258,406354540,379335273,193,1778834085,941177353
462904000,-311174262,406354541,379335272,193,1778834086,70893817
462904125,-311174265,406354540,379335270,192,1778834086,192015100
462904250,-311174267,406354539,379335267,192,1778834086,314442635
462904375,-311174268,406354538,379335266,192,1778834086,440767084
462904500,-311174270,406354538,379335265,192,1778834086,565699046
462904625,-311174273,406354538,379335264,192,1778834086,690382876
462904750,-311174274,406354537,379335263,192,1778834086,814730746
462904875,-311174275,406354536,379335262,192,1778834086,940700578
462905000,-311174276,406354536,379335261,192,1778834087,69774160
462905125,-311174279,406354536,379335260,191,1778834087,186850665
462905250,-311174279,406354534,379335258,191,1778834087,315360904
462905375,-311174281,406354535,379335258,191,1778834087,440020359
462905500,-311174282,406354534,379335257,191,1778834087,565293218
462905625,-311174284,406354535,379335256,191,1778834087,690970105
462905750,-311174285,406354534,379335257,191,1778834087,815533607
462905875,-311174284,406354534,379335256,191,1778834087,940590854
462906000,-311174283,406354534,379335258,190,1778834088,66391674
462906125,-311174282,406354534,379335260,190,1778834088,191056790
462906250,-311174279,406354535,379335262,190,1778834088,315736435
462906375,-311174275,406354535,379335265,190,1778834088,440574061
462906500,-311174271,406354535,379335270,190,1778834088,563810527
462906625,-311174263,406354534,379335273,190,1778834088,689780329
462906750,-311174256,406354534,379335280,189,1778834088,813526375
462906875,-311174247,406354536,379335287,189,1778834088,937508788
462907000,-311174237,406354537,379335294,189,1778834089,69501762
462907125,-311174226,406354540,379335302,189,1778834089,193090466
462907250,-311174212,406354542,379335311,189,1778834089,317788524
462907375,-311174196,406354546,379335321,189,1778834089,441708800
462907500,-311174180,406354549,379335331,189,1778834089,566182874
462907625,-311174164,406354553,379335340,188,1778834089,690525631
462907750,-311174148,406354558,379335349,188,1778834089,814735113
462907875,-311174132,406354562,379335358,188,1778834089,940544634
462908000,-311174118,406354566,379335366,188,1778834090,70358255
462908125,-311174106,406354569,379335372,188,1778834090,191088440
462908250,-311174096,406354571,379335378,188,1778834090,316172274
462908375,-311174087,406354573,379335383,188,1778834090,438777757
462908500,-311174080,406354576,379335389,188,1778834090,565837060
462908625,-311174071,406354577,379335391,187,1778834090,691173263
462908750,-311174065,406354580,379335396,187,1778834090,812677902
462908875,-311174059,406354582,379335399,187,1778834090,940113822
462909000,-311174052,406354584,379335403,187,1778834091,70046439
462909125,-311174045,406354586,379335405,187,1778834091,190619842
462909250,-311174038,406354589,379335409,187,1778834091,315873141
462909375,-311174032,406354590,379335411,187,1778834091,441905275
462909500,-311174028,406354593,379335412,187,1778834091,565578771
462909625,-311174024,406354595,379335414,187,1778834091,686626618
462909750,-311174021,406354595,379335415,187,1778834091,814023688
462909875,-311174017,406354596,379335416,186,1778834091,939684490
462910000,-311174013,406354597,379335417,186,1778834092,70205513
462910125,-311174009,406354598,379335418,186,1778834092,191314881
462910250,-311174004,406354602,379335421,186,1778834092,314585210
462910375,-311173999,406354604,379335422,186,1778834092,438543759
462910500,-311173993,406354608,379335424,186,1778834092,560157489
462910625,-311173985,406354611,379335426,186,1778834092,688583788
462910750,-311173977,406354615,379335428,186,1778834092,813269418
462910875,-311173969,406354619,379335429,186,1778834092,940535865
462911000,-311173962,406354623,379335430,186,1778834093,69606616
462911125,-311173955,406354627,379335431,186,1778834093,191270125
462911250,-311173950,406354632,379335433,186,1778834093,314337098
462911375,-311173944,406354634,379335432,185,1778834093,436858003
462911500,-311173940,406354637,379335433,185,1778834093,564530509
462911625,-311173936,406354639,379335434,185,1778834093,690503217
462911750,-311173933,406354641,379335434,185,1778834093,813445374
462911875,-311173934,406354641,379335434,185,1778834093,938389295
462912000,-311173934,406354639,379335433,185,1778834094,68317211
462912125,-311173933,406354638,379335433,185,1778834094,189945136
462912250,-311173933,406354640,379335434,185,1778834094,314194151
462912375,-311173934,406354639,379335435,185,1778834094,439254522
462912500,-311173935,406354639,379335434,185,1778834094,563211741
462912625,-311173934,406354639,379335434,185,1778834094,690178557
462912750,-311173934,406354638,379335434,185,1778834094,812486350
462912875,-311173936,406354637,379335435,185,1778834094,937803351
462913000,-311173935,406354637,379335435,185,1778834095,67946133
462913125,-311173937,406354637,379335436,185,1778834095,190119343
462913250,-311173937,406354635,379335436,185,1778834095,312418503
462913375,-311173939,406354633,379335435,185,1778834095,439427055
462913500,-311173943,406354633,379335435,185,1778834095,564405189
462913625,-311173945,406354628,379335433,185,1778834095,691163788
462913750,-311173951,406354624,379335434,185,1778834095,815208978
462913875,-311173957,406354618,379335433,185,1778834095,940406624
462914000,-311173964,406354613,379335434,185,1778834096,69766472
462914125,-311173972,406354606,379335434,185,1778834096,186483637
462914250,-311173981,406354598,379335435,185,1778834096,315398860
462914375,-311173990,406354590,379335438,185,1778834096,439878511
462914500,-311173999,406354581,379335439,184,1778834096,565083785
462914625,-311174006,406354573,379335441,184,1778834096,691103508
462914750,-311174012,406354566,379335443,184,1778834096,815095465
462914875,-311174018,406354561,379335445,184,1778834096,939700103
462915000,-311174021,406354555,379335446,184,1778834097,65936823
462915125,-311174025,406354553,379335447,184,1778834097,190167720
462915250,-311174028,406354548,379335449,184,1778834097,315191076
462915375,-311174029,406354545,379335449,184,1778834097,440980910
462915500,-311174031,406354545,379335450,184,1778834097,565103417
462915625,-311174033,406354544,379335451,184,1778834097,690370979
462915750,-311174032,406354541,379335451,184,1778834097,813962610
462915875,-311174034,406354539,379335452,184,1778834097,936887914
462916000,-311174037,406354536,379335453,184,1778834098,68262936
462916125,-311174040,406354532,379335454,184,1778834098,190191357
462916250,-311174043,406354527,379335456,184,1778834098,315004128
462916375,-311174048,406354523,379335460,184,1778834098,439214392
462916500,-311174053,406354516,379335463,184,1778834098,564082682
462916625,-311174057,406354507,379335465,184,1778834098,689278687
462916750,-311174061,406354501,379335469,184,1778834098,813882502
462916875,-311174066,406354495,379335475,184,1778834098,939169808
462917000,-311174071,406354488,379335478,184,1778834099,68292810
462917125,-311174075,406354485,379335482,184,1778834099,189396748
462917250,-311174076,406354480,379335485,184,1778834099,314811476
462917375,-311174079,406354477,379335487,184,1778834099,438733949
462917500,-311174080,406354475,379335488,184,1778834099,564475295
462917625,-311174081,406354473,379335491,184,1778834099,690191516
462917750,-311174083,406354472,379335492,184,1778834099,811821708
462917875,-311174084,406354471,379335494,184,1778834099,939090967
462918000,-311174083,406354470,379335493,184,1778834100,68047783
462918125,-311174082,406354470,379335493,184,1778834100,190022325
462918250,-311174083,406354470,379335493,184,1778834100,315127973
462918375,-311174083,406354471,379335494,184,1778834100,441840960
462918500,-311174083,406354473,379335494,184,1778834100,565078026
462918625,-311174083,406354474,379335493,184,1778834100,686907990
462918750,-311174081,406354475,379335491,184,1778834100,814692810
462918875,-311174080,406354481,379335489,183,1778834100,940120156
462919000,-311174077,406354485,379335486,183,1778834101,69379154
462919125,-311174073,406354490,379335481,183,1778834101,190788254
462919250,-311174069,406354497,379335477,183,1778834101,315619542
462919375,-311174068,406354506,379335474,183,1778834101,439273207
462919500,-311174064,406354511,379335467,183,1778834101,559935152
462919625,-311174060,406354517,379335461,183,1778834101,691009912
462919750,-311174058,406354523,379335457,184,1778834101,814361527
462919875,-311174057,406354528,379335454,184,1778834101,940947664
462920000,-311174055,406354532,379335451,184,1778834102,69773199
462920125,-311174054,406354534,379335447,184,1778834102,189633870
462920250,-311174053,406354537,379335446,184,1778834102,313744863
462920375,-311174052,406354539,379335444,184,1778834102,436429126
462920500,-311174051,406354541,379335442,184,1778834102,564788733
462920625,-311174050,406354542,379335441,184,1778834102,688074621
462920750,-311174049,406354543,379335440,184,1778834102,812435997
462920875,-311174049,406354546,379335439,184,1778834102,937718485
462921000,-311174049,406354546,379335436,184,1778834103,67584729
462921125,-311174048,406354546,379335436,184,1778834103,189036035
462921250,-311174048,406354546,379335435,184,1778834103,314631716
462921375,-311174048,406354545,379335436,184,1778834103,439230226
462921500,-311174049,406354544,379335437,184,1778834103,562817978
462921625,-311174049,406354542,379335439,184,1778834103,688593086
462921750,-311174050,406354538,379335442,184,1778834103,812639462
462921875,-311174053,406354535,379335445,184,1778834103,937605563
462922000,-311174054,406354530,379335450,184,1778834104,67556710
462922125,-311174056,406354523,379335456,184,1778834104,189627451
462922250,-311174058,406354516,379335462,184,1778834104,312212518
462922375,-311174059,406354508,379335469,184,1778834104,439336119
462922500,-311174061,406354500,379335479,184,1778834104,564430904
462922625,-311174062,406354491,379335490,184,1778834104,688971854
462922750,-311174062,406354482,379335500,184,1778834104,813450323
462922875,-311174062,406354473,379335509,184,1778834104,938788158
462923000,-311174062,406354466,379335519,184,1778834105,68838037
462923125,-311174060,406354458,379335528,184,1778834105,184980849
462923250,-311174059,406354452,379335540,184,1778834105,312778980
462923375,-311174058,406354443,379335549,184,1778834105,438309673
462923500,-311174055,406354435,379335558,184,1778834105,563629319
462923625,-311174052,406354429,379335570,184,1778834105,688578619
462923750,-311174049,406354421,379335582,184,1778834105,812678706
462923875,-311174045,406354413,379335595,184,1778834105,937587244
462924000,-311174038,406354405,379335609,184,1778834106,62837531
462924125,-311174032,406354399,379335624,184,1778834106,187775447
462924250,-311174022,406354390,379335638,184,1778834106,314117589
462924375,-311174013,406354384,379335655,184,1778834106,437870683
462924500,-311174000,406354378,379335673,184,1778834106,561668453
462924625,-311173987,406354373,379335692,183,1778834106,685794077
462924750,-311173971,406354371,379335709,183,1778834106,810311802
462924875,-311173955,406354371,379335728,183,1778834106,934299670
462925000,-311173936,406354370,379335746,183,1778834107,65492090
462925125,-311173916,406354371,379335762,183,1778834107,189217030
462925250,-311173896,406354374,379335778,183,1778834107,312669517
462925375,-311173875,406354378,379335793,183,1778834107,438173448
462925500,-311173854,406354384,379335809,183,1778834107,562208448
462925625,-311173830,406354388,379335821,183,1778834107,687787768
462925750,-311173805,406354396,379335836,183,1778834107,812355063
462925875,-311173781,406354401,379335851,183,1778834107,937630061
462926000,-311173756,406354408,379335866,183,1778834108,67548245
462926125,-311173731,406354414,379335881,183,1778834108,187751050
462926250,-311173705,406354418,379335897,183,1778834108,313175046
462926375,-311173678,406354426,379335914,184,1778834108,436762244
462926500,-311173651,406354432,379335930,184,1778834108,561387029
462926625,-311173625,406354438,379335947,184,1778834108,687086818
462926750,-311173597,406354445,379335965,184,1778834108,808983789
462926875,-311173566,406354449,379335981,184,1778834108,936506239
462927000,-311173538,406354459,379336002,184,1778834109,65576358
462927125,-311173507,406354464,379336021,184,1778834109,187479271
462927250,-311173474,406354471,379336041,184,1778834109,312466902
462927375,-311173440,406354477,379336062,184,1778834109,437452193
462927500,-311173405,406354483,379336085,184,1778834109,561571696
462927625,-311173370,406354491,379336108,184,1778834109,684324911
462927750,-311173335,406354497,379336133,185,1778834109,810491668
462927875,-311173300,406354502,379336158,185,1778834109,937394535
462928000,-311173261,406354508,379336183,185,1778834110,68507831
462928125,-311173224,406354514,379336208,185,1778834110,189355593
462928250,-311173187,406354521,379336237,185,1778834110,313867990
462928375,-311173149,406354529,379336265,185,1778834110,437328684
462928500,-311173109,406354532,379336293,185,1778834110,558387570
462928625,-311173070,406354532,379336323,185,1778834110,688526370
462928750,-311173030,406354532,379336357,185,1778834110,812418379
462928875,-311172993,406354534,379336392,185,1778834110,938029179
462929000,-311172953,406354533,379336425,185,1778834111,67177714
462929125,-311172913,406354535,379336459,185,1778834111,188440568
462929250,-311172872,406354539,379336490,186,1778834111,312582400
462929375,-311172832,406354548,379336517,186,1778834111,436054438
462929500,-311172790,406354559,379336538,186,1778834111,563925076
462929625,-311172752,406354578,379336557,186,1778834111,688980903
462929750,-311172709,406354593,379336572,186,1778834111,812383129
462929875,-311172669,406354617,379336589,186,1778834111,937414344
462930000,-311172626,406354634,379336601,186,1778834112,67384080
462930125,-311172586,406354656,379336616,186,1778834112,187596944
462930250,-311172545,406354676,379336629,187,1778834112,312665512
462930375,-311172503,406354695,379336641,187,1778834112,437177205
462930500,-311172468,406354711,379336656,187,1778834112,562196850
462930625,-311172435,406354722,379336670,187,1778834112,687468546
462930750,-311172408,406354732,379336687,187,1778834112,810436677
462930875,-311172380,406354739,379336702,187,1778834112,936747577
462931000,-311172356,406354745,379336718,187,1778834113,66882328
462931125,-311172331,406354750,379336729,188,1778834113,187447114
462931250,-311172310,406354757,379336743,188,1778834113,310082293
462931375,-311172289,406354763,379336757,188,1778834113,436982546
462931500,-311172269,406354767,379336771,188,1778834113,561749110
462931625,-311172244,406354772,379336782,188,1778834113,686972005
462931750,-311172223,406354778,379336797,188,1778834113,811226145
462931875,-311172201,406354781,379336812,188,1778834113,936996348
462932000,-311172177,406354787,379336828,189,1778834114,66095497
462932125,-311172152,406354792,379336844,189,1778834114,184913296
462932250,-311172129,406354795,379336863,189,1778834114,314291436
462932375,-311172104,406354795,379336882,189,1778834114,439233292
462932500,-311172080,406354799,379336907,189,1778834114,563418187
462932625,-311172054,406354796,379336929,189,1778834114,689516198
462932750,-311172028,406354796,379336956,189,1778834114,813021861
462932875,-311172002,406354794,379336981,189,1778834114,937843959
462933000,-311171974,406354792,379337008,189,1778834115,64650710
462933125,-311171944,406354787,379337034,189,1778834115,188280930
462933250,-311171917,406354788,379337066,190,1778834115,314190680
462933375,-311171885,406354781,379337092,190,1778834115,440041440
462933500,-311171857,406354776,379337124,190,1778834115,563501053
462933625,-311171828,406354773,379337160,190,1778834115,688160553
462933750,-311171795,406354763,379337191,190,1778834115,812187985
462933875,-311171763,406354763,379337223,190,1778834115,934927554
462934000,-311171730,406354759,379337255,190,1778834116,66804574
462934125,-311171697,406354757,379337285,190,1778834116,189080255
462934250,-311171663,406354763,379337310,190,1778834116,313184269
462934375,-311171630,406354767,379337332,190,1778834116,436999597
462934500,-311171598,406354771,379337352,190,1778834116,562257192
462934625,-311171565,406354776,379337372,190,1778834116,687023644
462934750,-311171539,406354786,379337392,190,1778834116,812107116
462934875,-311171510,406354789,379337409,190,1778834116,938800857
462935000,-311171483,406354792,379337427,190,1778834117,68054827
462935125,-311171457,406354794,379337445,190,1778834117,188746930
462935250,-311171432,406354798,379337466,190,1778834117,314888781
462935375,-311171405,406354798,379337486,190,1778834117,440185068
462935500,-311171379,406354802,379337508,190,1778834117,565642129
462935625,-311171351,406354804,379337529,190,1778834117,690030409
462935750,-311171321,406354806,379337550,190,1778834117,810919791
462935875,-311171291,406354806,379337573,190,1778834117,938451994
462936000,-311171261,406354810,379337596,190,1778834118,66990968
462936125,-311171228,406354813,379337620,190,1778834118,188076449
462936250,-311171196,406354818,379337648,190,1778834118,313662024
462936375,-311171162,406354820,379337672,190,1778834118,439050483
462936500,-311171131,406354822,379337700,190,1778834118,564041633
462936625,-311171097,406354822,379337724,190,1778834118,684988792
462936750,-311171066,406354831,379337752,190,1778834118,812334688
462936875,-311171034,406354831,379337778,190,1778834118,937815380
462937000,-311171003,406354835,379337803,190,1778834119,67978012
462937125,-311170974,406354835,379337828,190,1778834119,189572007
462937250,-311170947,406354836,379337851,190,1778834119,313802792
462937375,-311170920,406354837,379337872,190,1778834119,438336420
462937500,-311170898,406354840,379337891,190,1778834119,558991606
462937625,-311170872,406354839,379337907,190,1778834119,688546863
462937750,-311170851,406354845,379337926,190,1778834119,812489409
462937875,-311170827,406354846,379337944,190,1778834119,938417158
462938000,-311170804,406354850,379337961,190,1778834120,68594820
462938125,-311170782,406354855,379337979,190,1778834120,189769803
462938250,-311170758,406354856,379337997,190,1778834120,314667473
462938375,-311170732,406354859,379338017,190,1778834120,437265727
462938500,-311170706,406354862,379338034,190,1778834120,564855547
462938625,-311170681,406354865,379338057,190,1778834120,689973986
462938750,-311170652,406354869,379338078,190,1778834120,813851887
462938875,-311170622,406354872,379338101,190,1778834120,938782860
462939000,-311170593,406354878,379338126,190,1778834121,68109530
462939125,-311170561,406354882,379338150,190,1778834121,189656860
462939250,-311170528,406354885,379338175,190,1778834121,314378014
462939375,-311170494,406354890,379338202,190,1778834121,440393157
462939500,-311170458,406354894,379338229,190,1778834121,564288503
462939625,-311170423,406354897,379338256,190,1778834121,689554492
462939750,-311170387,406354902,379338281,190,1778834121,813345730
462939875,-311170353,406354907,379338307,190,1778834121,937944415
462940000,-311170318,406354911,379338329,190,1778834122,68717384
462940125,-311170287,406354915,379338350,190,1778834122,190802402
462940250,-311170260,406354921,379338371,190,1778834122,312667106
462940375,-311170233,406354926,379338392,190,1778834122,439489510
462940500,-311170205,406354929,379338411,190,1778834122,563289450
462940625,-311170178,406354933,379338430,189,1778834122,689598784
462940750,-311170152,406354938,379338448,189,1778834122,813546546
462940875,-311170123,406354943,379338466,189,1778834122,939892182
462941000,-311170096,406354947,379338484,189,1778834123,68592969
462941125,-311170066,406354953,379338503,189,1778834123,185630101
462941250,-311170039,406354961,379338525,189,1778834123,313776178
462941375,-311170009,406354965,379338542,189,1778834123,439869077
462941500,-311169978,406354972,379338562,189,1778834123,564679414
462941625,-311169949,406354977,379338582,189,1778834123,689368604
462941750,-311169918,406354982,379338604,189,1778834123,814194181
462941875,-311169885,406354991,379338626,189,1778834123,939334839
462942000,-311169851,406354996,379338647,189,1778834124,64368855
462942125,-311169817,406355002,379338670,189,1778834124,188462503
462942250,-311169781,406355012,379338696,189,1778834124,313461816
462942375,-311169743,406355018,379338721,189,1778834124,437728747
462942500,-311169705,406355025,379338746,189,1778834124,561061597
462942625,-311169664,406355031,379338772,189,1778834124,686451374
462942750,-311169625,406355039,379338798,189,1778834124,810651170
462942875,-311169587,406355046,379338824,189,1778834124,934580413
462943000,-311169551,406355054,379338849,189,1778834125,65896691
462943125,-311169517,406355057,379338873,189,1778834125,187780919
462943250,-311169485,406355061,379338896,189,1778834125,312402651
462943375,-311169454,406355066,379338919,189,1778834125,436632757
462943500,-311169423,406355068,379338940,189,1778834125,560969305
462943625,-311169395,406355072,379338963,189,1778834125,686428569
462943750,-311169365,406355073,379338984,189,1778834125,811154693
462943875,-311169335,406355077,379339006,189,1778834125,937421457
462944000,-311169304,406355080,379339028,189,1778834126,65470064
462944125,-311169275,406355085,379339053,189,1778834126,186588709
462944250,-311169242,406355087,379339076,189,1778834126,311915785
462944375,-311169209,406355091,379339102,189,1778834126,437258807
462944500,-311169176,406355095,379339126,188,1778834126,562961966
462944625,-311169142,406355098,379339150,188,1778834126,688378425
462944750,-311169110,406355100,379339174,188,1778834126,809668555
462944875,-311169076,406355104,379339199,188,1778834126,938018333
462945000,-311169044,406355107,379339222,188,1778834127,66224439
462945125,-311169011,406355110,379339244,188,1778834127,188264472
462945250,-311168978,406355114,379339266,188,1778834127,313408289
462945375,-311168947,406355119,379339291,188,1778834127,438499930
462945500,-311168916,406355122,379339311,188,1778834127,562415294
462945625,-311168885,406355127,379339331,188,1778834127,683136800
462945750,-311168855,406355130,379339352,188,1778834127,810567017
462945875,-311168824,406355135,379339373,188,1778834127,935955002
462946000,-311168793,406355140,379339395,188,1778834128,67311620
462946125,-311168761,406355145,379339416,188,1778834128,188849795
462946250,-311168727,406355152,379339436,187,1778834128,313025585
462946375,-311168691,406355159,379339457,187,1778834128,437706063
462946500,-311168658,406355169,379339480,187,1778834128,557370640
462946625,-311168622,406355176,379339502,187,1778834128,688171981
462946750,-311168587,406355183,379339526,187,1778834128,812289612
462946875,-311168551,406355189,379339552,186,1778834128,938408258
462947000,-311168514,406355194,379339576,186,1778834129,68007159
462947125,-311168478,406355200,379339603,186,1778834129,187899363
462947250,-311168441,406355206,379339627,186,1778834129,312230101
462947375,-311168406,406355215,379339652,186,1778834129,435490333
462947500,-311168370,406355220,379339676,185,1778834129,563530711
462947625,-311168334,406355227,379339701,185,1778834129,688965927
462947750,-311168296,406355232,379339726,185,1778834129,812980834
462947875,-311168261,406355238,379339751,185,1778834129,938082600
462948000,-311168227,406355244,379339775,185,1778834130,67904561
462948125,-311168192,406355248,379339799,184,1778834130,189015850
462948250,-311168160,406355255,379339824,184,1778834130,314279045
462948375,-311168126,406355259,379339847,184,1778834130,440126082
462948500,-311168093,406355262,379339870,184,1778834130,563148868
462948625,-311168060,406355269,379339896,184,1778834130,687196011
462948750,-311168026,406355272,379339919,183,1778834130,810657375
462948875,-311167992,406355278,379339944,183,1778834130,936795271
462949000,-311167958,406355283,379339970,183,1778834131,68111276
462949125,-311167925,406355287,379339994,183,1778834131,188184692
462949250,-311167892,406355290,379340017,183,1778834131,310742169
462949375,-311167860,406355295,379340042,182,1778834131,437616385
462949500,-311167828,406355298,379340065,182,1778834131,561883325
462949625,-311167797,406355301,379340088,182,1778834131,687916456
462949750,-311167767,406355304,379340111,182,1778834131,811573953
462949875,-311167735,406355306,379340133,182,1778834131,937691808
462950000,-311167704,406355310,379340156,182,1778834132,67092551
462950125,-311167674,406355313,379340178,181,1778834132,184914211
462950250,-311167640,406355314,379340202,181,1778834132,312237403
462950375,-311167609,406355319,379340228,181,1778834132,437206797
462950500,-311167577,406355321,379340252,181,1778834132,562644454
462950625,-311167544,406355325,379340278,181,1778834132,687787863
462950750,-311167510,406355327,379340304,181,1778834132,811138864
462950875,-311167477,406355330,379340329,181,1778834132,937368464
462951000,-311167446,406355332,379340355,181,1778834133,61666802
462951125,-311167415,406355335,379340378,180,1778834133,187033868
462951250,-311167388,406355336,379340399,180,1778834133,311810893
462951375,-311167364,406355337,379340417,180,1778834133,437139511
462951500,-311167342,406355339,379340433,180,1778834133,561097386
462951625,-311167322,406355341,379340448,180,1778834133,686720718
462951750,-311167306,406355342,379340461,180,1778834133,810231350
462951875,-311167290,406355344,379340472,180,1778834133,933981246
462952000,-311167277,406355344,379340481,180,1778834134,66982158
462952125,-311167265,406355345,379340489,180,1778834134,188077465
462952250,-311167257,406355346,379340497,180,1778834134,312470196
462952375,-311167248,406355346,379340503,180,1778834134,436277888
462952500,-311167241,406355346,379340508,180,1778834134,560896318
462952625,-311167237,406355347,379340511,180,1778834134,688554491
462952750,-311167234,406355347,379340512,180,1778834134,813164908
462952875,-311167231,406355346,379340513,180,1778834134,939697077
462953000,-311167229,406355349,379340516,179,1778834135,66783376
462953125,-311167227,406355348,379340517,179,1778834135,187568143
462953250,-311167226,406355349,379340518,179,1778834135,312091176
462953375,-311167225,406355349,379340519,179,1778834135,437086534
462953500,-311167224,406355349,379340519,179,1778834135,562635000
462953625,-311167224,406355349,379340520,179,1778834135,687914923
462953750,-311167223,406355348,379340518,179,1778834135,809033365
462953875,-311167224,406355349,379340518,179,1778834135,936013634
462954000,-311167225,406355350,379340517,179,1778834136,64686001
462954125,-311167226,406355350,379340517,179,1778834136,186427843
462954250,-311167227,406355350,379340516,179,1778834136,312067128
462954375,-311167227,406355349,379340515,179,1778834136,436799261
462954500,-311167229,406355350,379340513,179,1778834136,560521265
462954625,-311167231,406355349,379340512,179,1778834136,682270008
462954750,-311167231,406355348,379340510,179,1778834136,809891124
462954875,-311167232,406355347,379340509,179,1778834136,935813482
462955000,-311167234,406355349,379340507,179,1778834137,66730883
462955125,-311167236,406355349,379340507,179,1778834137,186998042
462955250,-311167236,406355348,379340505,179,1778834137,312568022
462955375,-311167237,406355346,379340503,178,1778834137,436624402
462955500,-311167239,406355347,379340502,178,1778834137,557416690
462955625,-311167240,406355347,379340501,178,1778834137,687397009
462955750,-311167241,406355346,379340499,178,1778834137,811227084
462955875,-311167243,406355346,379340498,178,1778834137,937451802
462956000,-311167243,406355346,379340496,178,1778834138,67845204
462956125,-311167245,406355345,379340495,178,1778834138,186977340
462956250,-311167246,406355346,379340493,178,1778834138,312873288
462956375,-311167246,406355345,379340491,178,1778834138,434743639
462956500,-311167248,406355345,379340490,178,1778834138,562621738
462956625,-311167249,406355344,379340489,178,1778834138,687898399
462956750,-311167250,406355345,379340488,178,1778834138,811638869
462956875,-311167251,406355344,379340487,178,1778834138,936776662
462957000,-311167250,406355345,379340489,178,1778834139,65900204
462957125,-311167248,406355343,379340487,178,1778834139,186864240
462957250,-311167250,406355344,379340487,178,1778834139,311814008
462957375,-311167250,406355344,379340487,178,1778834139,437106961
462957500,-311167249,406355344,379340486,178,1778834139,560681769
462957625,-311167249,406355343,379340486,178,1778834139,685763534
462957750,-311167248,406355341,379340485,178,1778834139,809761727
462957875,-311167248,406355341,379340484,178,1778834139,935345497
462958000,-311167249,406355342,379340485,178,1778834140,66595692
462958125,-311167248,406355342,379340485,178,1778834140,187774271
462958250,-311167247,406355342,379340484,178,1778834140,310124988
462958375,-311167248,406355342,379340484,178,1778834140,436835482
462958500,-311167248,406355342,379340483,177,1778834140,560612378
462958625,-311167248,406355342,379340484,177,1778834140,686833600
462958750,-311167249,406355343,379340485,177,1778834140,810421223
462958875,-311167249,406355343,379340484,177,1778834140,937303505
462959000,-311167249,406355343,379340485,177,1778834141,65193938
462959125,-311167250,406355344,379340485,177,1778834141,182623428
462959250,-311167249,406355343,379340483,177,1778834141,310788996
462959375,-311167248,406355342,379340484,177,1778834141,435598841
462959500,-311167248,406355342,379340482,177,1778834141,561713806
462959625,-311167248,406355343,379340483,177,1778834141,686749153
462959750,-311167249,406355343,379340482,177,1778834141,810368185
462959875,-311167249,406355344,379340482,177,1778834141,934847533
462960000,-311167248,406355343,379340482,177,1778834142,60379073
462960125,-311167247,406355343,379340481,177,1778834142,185127045
462960250,-311167247,406355343,379340481,177,1778834142,310691605
462960375,-311167247,406355343,379340480,176,1778834142,436483996
462960500,-311167247,406355344,379340481,176,1778834142,559554723
462960625,-311167247,406355343,379340480,176,1778834142,685277437
462960750,-311167246,406355342,379340479,176,1778834142,808553588
462960875,-311167247,406355343,379340480,176,1778834142,932621075
462961000,-311167247,406355344,379340481,176,1778834143,65498832
462961125,-311167246,406355343,379340481,176,1778834143,186578032
462961250,-311167247,406355344,379340481,176,1778834143,311129302
462961375,-311167246,406355343,379340480,176,1778834143,435570187
462961500,-311167245,406355343,379340480,176,1778834143,561205454
462961625,-311167245,406355343,379340479,176,1778834143,686628194
462961750,-311167245,406355343,379340480,176,1778834143,809952966
462961875,-311167244,406355341,379340478,176,1778834143,936389673
462962000,-311167245,406355343,379340480,176,1778834144,65363159
462962125,-311167245,406355343,379340479,176,1778834144,187232570
462962250,-311167244,406355343,379340478,175,1778834144,310520138
462962375,-311167244,406355342,379340478,175,1778834144,435048674
462962500,-311167244,406355342,379340478,175,1778834144,561290293
462962625,-311167245,406355344,379340478,175,1778834144,686064808
462962750,-311167244,406355343,379340479,175,1778834144,808899805
462962875,-311167243,406355343,379340478,175,1778834144,935381271
462963000,-311167244,406355343,379340479,175,1778834145,65314070
462963125,-311167243,406355343,379340478,175,1778834145,184477018
462963250,-311167243,406355344,379340478,175,1778834145,309967725
462963375,-311167244,406355343,379340478,175,1778834145,435248936
462963500,-311167244,406355344,379340479,175,1778834145,558347238
462963625,-311167243,406355344,379340478,175,1778834145,680538233
462963750,-311167243,406355344,379340478,175,1778834145,808968741
462963875,-311167242,406355343,379340477,175,1778834145,933915298
462964000,-311167243,406355344,379340478,175,1778834146,64566700
462964125,-311167243,406355345,379340478,175,1778834146,187964133
462964250,-311167242,406355344,379340477,174,1778834146,311385291
462964375,-311167242,406355343,379340478,174,1778834146,435520028
462964500,-311167242,406355344,379340478,174,1778834146,556172447
462964625,-311167242,406355344,379340478,174,1778834146,685476360
462964750,-311167242,406355345,379340479,174,1778834146,811045121
462964875,-311167241,406355344,379340477,174,1778834146,936298604
462965000,-311167241,406355344,379340479,174,1778834147,65520600
462965125,-311167241,406355344,379340477,174,1778834147,186761489
462965250,-311167240,406355345,379340478,174,1778834147,311239607
462965375,-311167239,406355343,379340476,174,1778834147,434411617
462965500,-311167239,406355344,379340476,174,1778834147,562360418
462965625,-311167239,406355345,379340476,174,1778834147,687374789
462965750,-311167238,406355342,379340475,174,1778834147,811657144
462965875,-311167238,406355343,379340475,174,1778834147,935856012
462966000,-311167238,406355344,379340476,174,1778834148,64951444
462966125,-311167238,406355345,379340476,173,1778834148,187303277
462966250,-311167237,406355344,379340475,173,1778834148,312071074
462966375,-311167236,406355342,379340473,173,1778834148,437223500
462966500,-311167237,406355344,379340475,173,1778834148,562206381
462966625,-311167236,406355343,379340473,173,1778834148,686151718
462966750,-311167235,406355343,379340473,173,1778834148,810085923
462966875,-311167235,406355344,379340474,173,1778834148,935810927
462967000,-311167236,406355343,379340472,173,1778834149,65262938
462967125,-311167234,406355343,379340472,173,1778834149,187302359
462967250,-311167233,406355342,379340471,173,1778834149,309286742
462967375,-311167233,406355342,379340472,173,1778834149,436186576
462967500,-311167233,406355343,379340471,173,1778834149,560701073
462967625,-311167232,406355342,379340470,173,1778834149,684920541
462967750,-311167232,406355342,379340470,173,1778834149,808471546
462967875,-311167232,406355343,379340470,173,1778834149,934830230
462968000,-311167231,406355343,379340470,173,1778834150,63831399
462968125,-311167232,406355344,379340470,173,1778834150,181654137
462968250,-311167230,406355343,379340469,172,1778834150,309957474
462968375,-311167231,406355344,379340469,172,1778834150,434296509
462968500,-311167231,406355344,379340470,172,1778834150,561593314
462968625,-311167230,406355344,379340468,172,1778834150,684949421
462968750,-311167230,406355345,379340468,172,1778834150,808664575
462968875,-311167229,406355345,379340469,172,1778834150,934051028
462969000,-311167229,406355344,379340468,172,1778834151,59958177
462969125,-311167229,406355346,379340469,172,1778834151,185064925
462969250,-311167228,406355345,379340468,172,1778834151,310089876
462969375,-311167227,406355345,379340468,172,1778834151,435075197
