iTOW,clkB,clkD,tAcc,fAcc,bag_t.secs,bag_t.nsecs
462851625,492393,516,4,454,1778834033,694454543
462851750,492457,516,4,455,1778834033,819398833
462851875,492522,516,4,457,1778834033,942985776
462852000,492586,516,4,458,1778834034,69163226
462852125,492651,516,4,459,1778834034,193779406
462852250,492716,516,4,459,1778834034,319912240
462852375,492780,516,4,459,1778834034,444817579
462852500,492845,516,4,460,1778834034,570661261
462852625,492909,516,4,459,1778834034,693810179
462852750,492974,516,4,458,1778834034,818993353
462852875,493038,516,4,458,1778834034,941492939
462853000,493103,516,4,459,1778834035,74887205
462853125,493167,516,4,460,1778834035,195398745
462853250,493232,516,4,459,1778834035,320568275
462853375,493297,517,4,460,1778834035,444730620
462853500,493361,516,4,461,1778834035,570222271
462853625,493426,516,4,463,1778834035,695593559
462853750,493490,516,4,464,1778834035,818742636
462853875,493555,516,4,469,1778834035,942636928
462854000,493619,517,4,472,1778834036,73327684
462854125,493684,517,4,475,1778834036,193903869
462854250,493749,517,4,477,1778834036,319634946
462854375,493813,517,4,478,1778834036,443657659
462854500,493878,517,4,479,1778834036,569606663
462854625,493942,516,4,481,1778834036,694528191
462854750,494007,516,4,480,1778834036,816787571
462854875,494071,517,4,481,1778834036,943585495
462855000,494136,517,4,481,1778834037,73270248
462855125,494201,517,4,481,1778834037,193277928
462855250,494265,517,4,481,1778834037,319867946
462855375,494330,516,4,480,1778834037,442987870
462855500,494394,517,4,480,1778834037,568580158
462855625,494459,517,4,479,1778834037,689538397
462855750,494523,516,4,481,1778834037,817838678
462855875,494588,516,4,480,1778834037,944793454
462856000,494652,516,4,480,1778834038,74772356
462856125,494717,516,4,478,1778834038,194856865
462856250,494782,516,4,478,1778834038,318870228
462856375,494846,516,4,478,1778834038,442869888
462856500,494911,516,4,477,1778834038,564349880
462856625,494975,516,4,478,1778834038,693747391
462856750,495040,516,4,477,1778834038,818872338
462856875,495104,516,4,478,1778834038,943939130
462857000,495169,516,4,478,1778834039,73536882
462857125,495233,516,4,479,1778834039,193203543
462857250,495298,516,4,478,1778834039,318931570
462857375,495362,516,4,478,1778834039,440954414
462857500,495427,516,4,478,1778834039,569697395
462857625,495492,516,4,478,1778834039,693515122
462857750,495556,516,4,478,1778834039,817723607
462857875,495621,516,4,477,1778834039,941813412
462858000,495685,516,4,476,1778834040,71919454
462858125,495750,516,4,477,1778834040,192924506
462858250,495814,516,4,477,1778834040,318919264
462858375,495879,516,4,476,1778834040,444436118
462858500,495944,516,4,477,1778834040,569657657
462858625,496008,516,4,477,1778834040,693517482
462858750,496073,516,4,476,1778834040,818600558
462858875,496137,516,4,476,1778834040,944506294
462859000,496202,516,4,468,1778834041,74778043
462859125,496266,516,4,464,1778834041,193956369
462859250,496331,516,4,461,1778834041,317328595
462859375,496395,516,4,458,1778834041,443955580
462859500,496460,516,4,456,1778834041,568751559
462859625,496525,516,4,454,1778834041,693310117
462859750,496589,516,4,452,1778834041,817598393
462859875,496654,516,4,451,1778834041,942603827
462860000,496718,516,4,451,1778834042,73954118
462860125,496783,516,4,451,1778834042,189347023
462860250,496847,516,4,451,1778834042,318737342
462860375,496912,517,4,451,1778834042,442392247
462860500,496977,517,4,450,1778834042,568507081
462860625,497041,516,4,449,1778834042,693259877
462860750,497106,516,4,448,1778834042,818437618
462860875,497170,516,4,446,1778834042,944612095
462861000,497235,516,4,445,1778834043,69414265
462861125,497299,516,4,445,1778834043,193913625
462861250,497364,516,4,445,1778834043,320351315
462861375,497428,516,4,444,1778834043,444563712
462861500,497493,516,4,443,1778834043,569378598
462861625,497558,516,4,443,1778834043,693403026
462861750,497622,516,4,442,1778834043,818482414
462861875,497687,517,4,441,1778834043,940748630
462862000,497751,516,4,441,1778834044,73737239
462862125,497816,516,4,441,1778834044,194879883
462862250,497880,516,4,441,1778834044,320344457
462862375,497945,517,4,442,1778834044,442834196
462862500,498009,516,4,442,1778834044,569642987
462862625,498074,516,4,443,1778834044,693694541
462862750,498139,516,4,442,1778834044,818310922
462862875,498203,517,4,442,1778834044,943860032
462863000,498268,517,4,442,1778834045,72565987
462863125,498332,517,4,442,1778834045,193169526
462863250,498397,517,4,443,1778834045,318881708
462863375,498462,517,4,443,1778834045,441874869
462863500,498526,516,4,443,1778834045,567822726
462863625,498591,516,4,443,1778834045,692552259
462863750,498655,516,4,444,1778834045,815623858
462863875,498720,517,4,444,1778834045,942507703
462864000,498784,517,4,444,1778834046,72404652
462864125,498849,517,4,444,1778834046,192604584
462864250,498914,516,4,444,1778834046,318621424
462864375,498978,517,4,443,1778834046,442796054
462864500,499043,517,4,443,1778834046,567921155
462864625,499107,517,4,443,1778834046,688816217
462864750,499172,517,4,442,1778834046,817316824
462864875,499236,517,4,441,1778834046,942415365
462865000,499301,517,4,441,1778834047,73981867
462865125,499366,517,4,442,1778834047,193533822
462865250,499430,517,4,442,1778834047,320266684
462865375,499495,517,4,443,1778834047,444537455
462865500,499559,517,4,443,1778834047,564807301
462865625,499624,517,4,444,1778834047,693555794
462865750,499688,517,4,444,1778834047,818576639
462865875,499753,517,4,446,1778834047,943726821
462866000,499818,517,4,447,1778834048,73650941
462866125,499882,517,4,447,1778834048,193711153
462866250,499947,517,4,448,1778834048,318692480
462866374,500011,517,4,448,1778834048,440819562
462866499,500076,517,4,449,1778834048,570253887
462866624,500141,517,4,450,1778834048,693944467
462866749,500205,517,4,452,1778834048,817867236
462866874,500270,517,4,451,1778834048,942440186
462866999,500334,517,4,451,1778834049,72375831
462867124,500399,517,4,458,1778834049,192772971
462867249,500464,517,4,462,1778834049,319106525
462867375,500529,517,4,507,1778834049,446658602
462867500,500593,517,4,532,1778834049,570300272
462867625,500658,517,4,487,1778834049,694962619
462867750,500722,517,4,482,1778834049,818727238
462867875,500787,517,4,481,1778834049,944698710
462868000,500852,517,4,482,1778834050,74731180
462868125,500916,517,4,482,1778834050,195826463
462868250,500981,517,4,481,1778834050,317826775
462868375,501045,517,4,474,1778834050,444843260
462868500,501110,517,4,470,1778834050,569662399
462868625,501174,517,4,469,1778834050,695449641
462868750,501239,517,4,466,1778834050,818416360
462868875,501304,517,4,464,1778834050,945453211
462869000,501368,517,4,469,1778834051,73877048
462869125,501433,517,4,472,1778834051,191022511
462869250,501497,517,4,474,1778834051,318764260
462869375,501562,517,4,475,1778834051,444614534
462869500,501627,517,4,476,1778834051,570210842
462869625,501691,517,4,477,1778834051,696446132
462869750,501756,517,4,477,1778834051,818622213
462869875,501820,517,4,478,1778834051,944505186
462870000,501885,517,4,480,1778834052,70383749
462870125,501950,517,4,479,1778834052,195412042
462870250,502014,517,4,481,1778834052,319861135
462870375,502079,517,4,481,1778834052,446612706
462870500,502143,517,4,483,1778834052,569958437
462870625,502208,517,4,483,1778834052,694938067
462870750,502272,517,4,482,1778834052,818348835
462870875,502337,517,4,482,1778834052,941673598
462871000,502402,517,4,480,1778834053,73521415
462871125,502466,517,4,479,1778834053,195974496
462871250,502531,517,4,478,1778834053,320789456
462871375,502595,517,4,476,1778834053,445599503
462871500,502660,517,4,479,1778834053,568920840
462871625,502725,517,4,482,1778834053,694492713
462871750,502789,517,4,481,1778834053,817455852
462871875,502854,517,4,480,1778834053,942811911
462872000,502918,517,4,481,1778834054,72911887
462872125,502983,517,4,480,1778834054,195670758
462872250,503047,517,4,480,1778834054,321579068
462872375,503112,517,4,480,1778834054,445757719
462872500,503177,516,4,481,1778834054,572519393
462872625,503241,516,4,482,1778834054,697546063
462872750,503306,516,4,475,1778834054,818379836
462872875,503370,517,4,472,1778834054,946759876
462873000,503435,516,4,469,1778834055,75164280
462873125,503499,517,4,473,1778834055,196941648
462873250,503564,517,4,474,1778834055,322200348
462873375,503629,517,4,472,1778834055,447874210
462873500,503693,517,4,467,1778834055,571707698
462873625,503758,517,4,464,1778834055,693824889
462873750,503822,517,4,460,1778834055,820619717
462873875,503887,517,4,457,1778834055,947530262
462874000,503951,517,4,453,1778834056,76789010
462874125,504016,517,4,449,1778834056,197400790
462874250,504081,517,4,447,1778834056,322172391
462874375,504145,517,4,448,1778834056,445597024
462874500,504210,517,4,448,1778834056,565828142
462874625,504274,517,4,445,1778834056,695228335
462874750,504339,517,4,444,1778834056,820166900
462874875,504403,517,4,442,1778834056,945579054
462875000,504468,517,4,443,1778834057,76793976
462875125,504533,517,4,439,1778834057,196232776
462875250,504597,517,4,438,1778834057,321451081
462875375,504662,517,4,436,1778834057,443653766
462875500,504726,517,4,441,1778834057,570708585
462875625,504791,517,4,444,1778834057,697523159
462875750,504855,517,4,444,1778834057,820398614
462875875,504920,517,4,443,1778834057,945362415
462876000,504985,517,4,444,1778834058,75252409
462876125,505049,517,4,450,1778834058,195133441
462876250,505114,517,4,452,1778834058,320667815
462876375,505178,517,4,449,1778834058,447382294
462876500,505243,517,4,448,1778834058,570421199
462876625,505308,517,4,448,1778834058,695304363
462876750,505372,517,4,448,1778834058,819275623
462876875,505437,517,4,450,1778834058,945342761
462877000,505501,517,4,450,1778834059,75620787
462877125,505566,517,4,451,1778834059,197168479
462877250,505631,517,4,455,1778834059,318360046
462877375,505695,517,4,457,1778834059,446380240
462877500,505760,517,4,461,1778834059,570532715
462877625,505824,517,4,463,1778834059,694840399
462877750,505889,517,4,464,1778834059,818498945
462877875,505953,517,4,465,1778834059,946399495
462878000,506018,517,4,468,1778834060,73362050
462878125,506083,517,4,473,1778834060,191356017
462878250,506147,517,4,476,1778834060,319366340
462878375,506212,517,4,477,1778834060,444351931
462878500,506276,517,4,478,1778834060,569461468
462878625,506341,517,4,478,1778834060,695202948
462878750,506406,517,4,477,1778834060,819127989
462878875,506470,517,4,479,1778834060,945229376
462879000,506535,517,4,480,1778834061,69095692
462879125,506599,517,4,480,1778834061,194833277
462879250,506664,517,4,483,1778834061,319924661
462879375,506729,517,4,485,1778834061,445338951
462879500,506793,517,4,487,1778834061,569296514
462879625,506858,517,4,491,1778834061,693501071
462879750,506923,517,4,492,1778834061,817058294
462879875,506987,517,4,492,1778834061,941020890
462880000,507052,517,4,492,1778834062,75193077
462880125,507116,517,4,496,1778834062,195133130
462880250,507181,517,4,496,1778834062,319370114
462880375,507245,517,4,498,1778834062,442454429
462880500,507310,517,4,499,1778834062,568068347
462880625,507375,517,4,499,1778834062,694018681
462880750,507439,517,4,501,1778834062,817928431
462880875,507504,517,4,502,1778834062,945225619
462881000,507568,517,4,502,1778834063,73164892
462881125,507633,517,4,504,1778834063,193213632
462881250,507698,517,4,509,1778834063,319361316
462881375,507762,517,4,509,1778834063,446696749
462881500,507827,517,4,509,1778834063,569983451
462881625,507891,517,4,509,1778834063,695882779
462881750,507956,517,4,508,1778834063,817443003
462881875,508021,517,4,510,1778834063,945143155
462882000,508085,517,4,511,1778834064,74135614
462882125,508150,517,4,511,1778834064,195341789
462882250,508214,517,4,511,1778834064,320891330
462882375,508279,517,4,514,1778834064,447014903
462882500,508343,517,4,514,1778834064,571526414
462882625,508408,517,4,515,1778834064,690860146
462882750,508473,517,4,515,1778834064,819016931
462882875,508537,517,4,515,1778834064,944946453
462883000,508602,517,4,516,1778834065,74797953
462883125,508667,517,4,515,1778834065,195915423
462883250,508731,517,4,515,1778834065,319858529
462883375,508796,517,4,514,1778834065,443819153
462883500,508860,517,4,515,1778834065,563903887
462883625,508925,517,4,515,1778834065,693295203
462883750,508990,517,4,514,1778834065,818244909
462883875,509054,517,4,513,1778834065,944073764
462884000,509119,517,4,512,1778834066,73147981
462884125,509183,517,4,512,1778834066,194100034
462884250,509248,517,4,512,1778834066,319509040
462884375,509313,517,4,511,1778834066,441744461
462884500,509377,517,4,511,1778834066,568206664
462884625,509442,517,4,511,1778834066,694132795
462884750,509506,517,4,511,1778834066,817681824
462884875,509571,517,4,512,1778834066,943719479
462885000,509636,517,4,512,1778834067,73009375
462885125,509700,517,4,513,1778834067,192902961
462885250,509765,517,4,514,1778834067,318400192
462885375,509830,517,4,513,1778834067,444122884
462885500,509894,517,4,512,1778834067,568091476
462885625,509959,517,4,511,1778834067,692758235
462885750,510023,517,4,511,1778834067,816073523
462885875,510088,517,4,511,1778834067,943152923
462886000,510153,517,4,510,1778834068,72186006
462886125,510217,517,4,512,1778834068,193764571
462886250,510282,517,4,511,1778834068,315511980
462886375,510346,517,4,512,1778834068,442864676
462886500,510411,517,4,512,1778834068,568458687
462886625,510475,517,4,511,1778834068,694012084
462886750,510540,517,4,511,1778834068,816796205
462886875,510605,517,4,512,1778834068,944574921
462887000,510669,517,4,513,1778834069,71996869
462887125,510734,517,4,514,1778834069,189706531
462887250,510798,517,4,513,1778834069,318850105
462887375,510863,517,4,515,1778834069,444468209
462887500,510928,517,4,515,1778834069,569778287
462887625,510992,517,4,515,1778834069,693875206
462887750,511057,517,4,513,1778834069,816941936
462887875,511121,517,4,513,1778834069,941987754
462888000,511186,517,4,513,1778834070,68359818
462888125,511251,517,4,513,1778834070,192431821
462888250,511315,517,4,515,1778834070,318004781
462888375,511380,517,4,514,1778834070,443532599
462888500,511445,517,4,514,1778834070,567919337
462888625,511509,517,4,513,1778834070,692857575
462888750,511574,517,4,513,1778834070,816444510
462888875,511638,517,4,513,1778834070,940415428
462889000,511703,517,4,512,1778834071,72353328
462889125,511767,517,4,512,1778834071,194738161
462889250,511832,517,4,512,1778834071,319740688
462889375,511897,517,4,513,1778834071,443281821
462889500,511961,517,4,514,1778834071,567167012
462889625,512026,517,4,514,1778834071,692761780
462889750,512090,517,4,513,1778834071,816365019
462889875,512155,517,4,514,1778834071,942700242
462890000,512220,517,4,515,1778834072,72557098
462890125,512284,517,4,515,1778834072,193785562
462890250,512349,517,4,515,1778834072,318519807
462890375,512413,517,4,515,1778834072,443781259
462890500,512478,517,4,513,1778834072,568410400
462890625,512543,517,4,512,1778834072,694684447
462890750,512607,517,4,513,1778834072,815986109
462890875,512672,517,4,514,1778834072,944226587
462891000,512736,517,4,512,1778834073,72259274
462891125,512801,517,4,512,1778834073,192431327
462891250,512866,517,4,511,1778834073,318499642
462891375,512930,517,4,510,1778834073,443748726
462891500,512995,517,4,509,1778834073,567684576
462891625,513059,517,4,510,1778834073,688589164
462891750,513124,517,4,510,1778834073,815935912
462891875,513188,517,4,510,1778834073,941562961
462892000,513253,517,4,511,1778834074,72216364
462892125,513318,517,4,510,1778834074,193582038
462892250,513382,517,4,511,1778834074,317357424
462892375,513447,517,4,511,1778834074,441538385
462892500,513511,517,4,510,1778834074,563804486
462892625,513576,517,4,510,1778834074,691284039
462892750,513641,517,4,510,1778834074,816454933
462892875,513705,517,4,514,1778834074,941549649
462893000,513770,517,4,514,1778834075,70286251
462893125,513834,517,4,513,1778834075,192223375
462893250,513899,517,4,511,1778834075,317543282
462893375,513964,517,4,511,1778834075,440393798
462893500,514028,517,4,514,1778834075,568486563
462893625,514093,517,4,515,1778834075,694485254
462893750,514157,517,4,514,1778834075,818371745
462893875,514222,517,4,517,1778834075,943396647
462894000,514287,517,4,517,1778834076,72127610
462894125,514351,517,4,519,1778834076,192422919
462894250,514416,517,4,519,1778834076,318180079
462894375,514480,517,4,517,1778834076,443306736
462894500,514545,517,4,516,1778834076,567432262
462894625,514609,517,4,517,1778834076,691505557
462894750,514674,517,4,516,1778834076,816129398
462894875,514739,517,4,515,1778834076,941469434
462895000,514803,517,4,516,1778834077,72180999
462895125,514868,517,4,515,1778834077,193803044
462895250,514932,517,4,514,1778834077,315974805
462895375,514997,517,4,513,1778834077,443022873
462895500,515062,517,4,513,1778834077,567183237
462895625,515126,517,4,513,1778834077,693892045
462895750,515191,517,4,511,1778834077,817494033
462895875,515255,517,4,511,1778834077,944180698
462896000,515320,517,4,509,1778834078,73002089
462896125,515385,517,4,506,1778834078,189153032
462896250,515449,517,4,503,1778834078,319201815
462896375,515514,517,4,501,1778834078,445214197
462896500,515578,517,4,504,1778834078,568861563
462896625,515643,517,4,506,1778834078,695001883
462896750,515708,517,4,501,1778834078,818944248
462896875,515772,517,4,498,1778834078,944150030
462897000,515837,517,4,497,1778834079,68854031
462897125,515901,517,4,503,1778834079,193970530
462897250,515966,517,4,507,1778834079,318961668
462897375,516031,517,4,504,1778834079,444091428
462897500,516095,517,4,504,1778834079,569378975
462897625,516160,517,4,504,1778834079,692859712
462897750,516224,517,4,508,1778834079,816384417
462897875,516289,517,4,511,1778834079,940599360
462898000,516354,517,4,508,1778834080,72207218
462898125,516418,517,4,505,1778834080,193301252
462898250,516483,517,4,503,1778834080,318526367
462898375,516547,517,4,506,1778834080,443020414
462898500,516612,517,4,507,1778834080,566958468
462898625,516677,517,4,503,1778834080,693802146
462898750,516741,517,4,501,1778834080,818766536
462898875,516806,517,4,503,1778834080,944899769
462899000,516871,517,4,504,1778834081,73912179
462899125,516935,517,4,501,1778834081,194066388
462899250,517000,517,4,500,1778834081,318715021
462899375,517064,517,4,499,1778834081,445121493
462899500,517129,517,4,502,1778834081,571071579
462899625,517194,517,4,505,1778834081,696005622
462899750,517258,517,4,500,1778834081,816136866
462899875,517323,517,4,499,1778834081,945024184
462900000,517388,517,4,498,1778834082,74896952
462900125,517452,517,4,501,1778834082,193766612
462900250,517517,517,4,498,1778834082,319138044
462900375,517581,517,4,492,1778834082,445579783
462900500,517646,517,4,489,1778834082,568869817
462900625,517711,517,4,481,1778834082,689980795
462900750,517775,517,4,478,1778834082,818508181
462900875,517840,517,4,477,1778834082,945340450
462901000,517905,517,4,477,1778834083,74017766
462901125,517969,517,4,476,1778834083,196326242
462901250,518034,517,4,467,1778834083,320438765
462901375,518099,517,4,461,1778834083,444863244
462901500,518163,517,4,456,1778834083,564939919
462901625,518228,517,4,452,1778834083,694041708
462901750,518292,517,4,450,1778834083,818382757
462901875,518357,517,4,448,1778834083,945150163
462902000,518422,517,4,446,1778834084,72816256
462902125,518486,517,4,446,1778834084,194776146
462902250,518551,517,4,446,1778834084,319823107
462902375,518615,517,4,445,1778834084,441905176
462902500,518680,517,4,444,1778834084,570010440
462902625,518745,517,4,443,1778834084,695053134
462902750,518809,517,4,441,1778834084,819763718
462902875,518874,517,4,440,1778834084,944858053
462903000,518939,517,4,439,1778834085,72735388
462903125,519003,517,4,439,1778834085,193451588
462903250,519068,517,4,437,1778834085,318760780
462903375,519132,517,4,437,1778834085,445467789
462903500,519197,517,4,438,1778834085,570606215
462903625,519262,517,4,437,1778834085,694780679
462903750,519326,517,4,437,1778834085,819947014
462903875,519391,517,4,437,1778834085,945561397
462904000,519456,517,4,436,1778834086,74642819
462904125,519520,517,4,435,1778834086,195845781
462904250,519585,517,4,434,1778834086,318031754
462904375,519649,517,4,431,1778834086,445154379
462904500,519714,517,4,431,1778834086,568831513
462904625,519779,517,4,429,1778834086,694385922
462904750,519843,517,4,429,1778834086,818169998
462904875,519908,517,4,429,1778834086,945180745
462905000,519972,517,4,429,1778834087,74784950
462905125,520037,517,4,429,1778834087,190160704
462905250,520102,517,4,430,1778834087,318607829
462905375,520166,517,4,430,1778834087,443708472
462905500,520231,517,4,430,1778834087,568528549
462905625,520296,517,4,430,1778834087,694852738
462905750,520360,517,4,429,1778834087,818779104
462905875,520425,517,4,429,1778834087,944669917
462906000,520489,517,4,430,1778834088,69341258
462906125,520554,517,4,430,1778834088,195779926
462906250,520619,517,4,429,1778834088,319393891
462906375,520683,517,4,429,1778834088,444777628
462906500,520748,517,4,428,1778834088,567816182
462906625,520812,517,4,428,1778834088,693288576
462906750,520877,517,4,428,1778834088,817345847
462906875,520942,517,4,428,1778834088,940548319
462907000,521006,517,4,428,1778834089,72759057
462907125,521071,517,4,425,1778834089,196524083
462907250,521135,517,4,422,1778834089,322087996
462907375,521200,517,4,421,1778834089,445826720
462907500,521265,517,4,420,1778834089,570538117
462907625,521329,517,4,423,1778834089,694091908
462907750,521394,517,4,425,1778834089,817936879
462907875,521458,517,4,423,1778834089,945051384
462908000,521523,517,4,422,1778834090,73539586
462908125,521588,517,4,422,1778834090,194469512
462908250,521652,517,4,421,1778834090,319869230
462908375,521717,517,4,423,1778834090,442339775
462908500,521781,517,4,423,1778834090,569363924
462908625,521846,517,4,424,1778834090,695036267
462908750,521911,517,4,424,1778834090,816368486
462908875,521975,517,4,425,1778834090,943571627
462909000,522040,517,4,424,1778834091,73323472
462909125,522104,517,4,424,1778834091,194128087
462909250,522169,517,4,424,1778834091,319921266
462909375,522234,517,4,424,1778834091,446151055
462909500,522298,517,4,425,1778834091,569413372
462909625,522363,517,4,424,1778834091,690160380
462909750,522427,517,4,424,1778834091,817741937
462909875,522492,517,4,423,1778834091,943303160
462910000,522556,516,4,423,1778834092,75270392
462910125,522621,516,4,424,1778834092,194621275
462910250,522686,517,4,425,1778834092,318349379
462910375,522750,517,4,425,1778834092,442259835
462910500,522815,517,4,425,1778834092,563411639
462910625,522879,517,4,425,1778834092,692514057
462910750,522944,517,4,426,1778834092,816402825
462910875,523008,517,4,431,1778834092,945097200
462911000,523073,516,4,434,1778834093,73104822
462911125,523138,517,4,435,1778834093,194390835
462911250,523202,517,4,436,1778834093,317729375
462911375,523267,517,4,438,1778834093,440087474
462911500,523331,517,4,439,1778834093,568136272
462911625,523396,517,4,439,1778834093,694077132
462911750,523460,517,4,441,1778834093,817244838
462911875,523525,517,4,443,1778834093,942299695
462912000,523590,517,4,444,1778834094,71999356
462912125,523654,517,4,445,1778834094,193138987
462912250,523719,517,4,445,1778834094,317594378
462912375,523783,517,4,447,1778834094,443197043
462912500,523848,516,4,447,1778834094,568036205
462912625,523912,517,4,448,1778834094,693920272
462912750,523977,517,4,449,1778834094,815730051
462912875,524042,517,4,450,1778834094,941926537
462913000,524106,517,4,450,1778834095,71214999
462913125,524171,517,4,450,1778834095,193138879
462913250,524235,517,4,451,1778834095,315921821
462913375,524300,517,4,451,1778834095,443298628
462913500,524364,517,4,452,1778834095,568019829
462913625,524429,517,4,451,1778834095,695005778
462913750,524494,517,4,452,1778834095,819036014
462913875,524558,517,4,451,1778834095,944961742
462914000,524623,516,4,451,1778834096,73142989
462914125,524687,516,4,451,1778834096,189960773
462914250,524752,516,4,451,1778834096,319181668
462914375,524816,516,4,450,1778834096,444564651
462914500,524881,516,4,449,1778834096,568838180
462914625,524945,516,4,449,1778834096,695026239
462914750,525010,516,4,449,1778834096,819023725
462914875,525075,516,4,449,1778834096,944074586
462915000,525139,516,4,448,1778834097,70286320
462915125,525204,516,4,452,1778834097,193631429
462915250,525268,516,4,454,1778834097,319020604
462915375,525333,516,4,449,1778834097,445147354
462915500,525397,516,4,448,1778834097,568760214
462915625,525462,517,4,448,1778834097,693881324
462915750,525527,517,4,448,1778834097,817569381
462915875,525591,516,4,447,1778834097,939922009
462916000,525656,516,4,446,1778834098,71884502
462916125,525720,516,4,447,1778834098,193844287
462916250,525785,516,4,447,1778834098,318136605
462916375,525849,516,4,445,1778834098,443877158
462916500,525914,516,4,445,1778834098,567370956
462916625,525978,516,4,445,1778834098,692741248
462916750,526043,516,4,449,1778834098,817206996
462916875,526108,516,4,451,1778834098,943025725
462917000,526172,516,4,456,1778834099,72021492
462917125,526237,516,4,460,1778834099,192611224
462917250,526301,517,4,462,1778834099,318194519
462917375,526366,517,4,463,1778834099,442638455
462917500,526430,517,4,465,1778834099,569029482
462917625,526495,517,4,467,1778834099,693886744
462917750,526560,517,4,464,1778834099,815041259
462917875,526624,517,4,462,1778834099,943853181
462918000,526689,516,4,462,1778834100,71826396
462918125,526753,516,4,461,1778834100,193673747
462918250,526818,516,4,461,1778834100,319294782
462918375,526882,516,4,460,1778834100,445537658
462918500,526947,517,4,459,1778834100,568730486
462918625,527012,517,4,460,1778834100,689678847
462918750,527076,517,4,460,1778834100,818678317
462918875,527141,517,4,460,1778834100,944724675
462919000,527205,517,4,459,1778834101,72631959
462919125,527270,516,4,459,1778834101,194480960
462919250,527334,516,4,461,1778834101,319614554
462919375,527399,516,4,460,1778834101,443781526
462919500,527463,517,4,464,1778834101,564032525
462919625,527528,516,4,466,1778834101,694516443
462919750,527593,516,4,469,1778834101,817951605
462919875,527657,517,4,472,1778834101,944835405
462920000,527722,517,4,474,1778834102,74837303
462920125,527786,516,4,476,1778834102,192846099
462920250,527851,516,4,478,1778834102,317308351
462920375,527915,516,4,482,1778834102,439630964
462920500,527980,517,4,484,1778834102,568479013
462920625,528044,516,4,485,1778834102,691648289
462920750,528109,516,4,487,1778834102,815734517
462920875,528173,516,4,489,1778834102,941717785
462921000,528238,516,4,489,1778834103,70917813
462921125,528302,516,4,489,1778834103,192402081
462921250,528367,516,4,485,1778834103,317702417
462921375,528432,516,4,482,1778834103,443863941
462921500,528496,516,4,482,1778834103,566793638
462921625,528561,516,4,480,1778834103,691699856
462921750,528625,516,4,479,1778834103,816461967
462921875,528690,516,4,478,1778834103,941539078
462922000,528754,516,4,477,1778834104,71205605
462922125,528819,516,4,476,1778834104,192750192
462922250,528883,516,4,476,1778834104,315592420
462922375,528948,516,4,474,1778834104,444018739
462922500,529012,516,4,471,1778834104,569100882
462922625,529077,516,4,470,1778834104,692361997
462922750,529141,516,4,467,1778834104,818537678
462922875,529206,516,4,465,1778834104,942531777
462923000,529270,516,4,464,1778834105,72243141
462923125,529335,516,4,464,1778834105,188217683
462923250,529400,516,4,462,1778834105,316625034
462923375,529464,516,4,461,1778834105,442396196
462923500,529529,516,4,466,1778834105,567135764
462923625,529593,516,4,469,1778834105,692049921
462923750,529658,516,4,466,1778834105,816765639
462923875,529722,516,4,460,1778834105,941625437
462924000,529787,516,4,458,1778834106,66308391
462924125,529851,516,4,460,1778834106,191219349
462924250,529916,516,4,462,1778834106,317654706
462924375,529980,516,4,459,1778834106,442198059
462924500,530045,516,4,456,1778834106,565459873
462924625,530110,516,4,454,1778834106,689240159
462924750,530174,516,4,456,1778834106,813579274
462924875,530239,516,4,456,1778834106,937071437
462925000,530303,516,4,453,1778834107,70238106
462925125,530368,516,4,451,1778834107,192360120
462925250,530432,516,4,450,1778834107,316580465
462925375,530497,516,4,452,1778834107,442238407
462925500,530561,516,4,454,1778834107,566101211
462925625,530626,516,4,459,1778834107,691505482
462925750,530690,516,4,464,1778834107,815882949
462925875,530755,516,4,474,1778834107,941327792
462926000,530819,516,4,479,1778834108,71428002
462926125,530884,516,4,484,1778834108,191302234
462926250,530949,516,4,488,1778834108,316740826
462926375,531013,516,4,492,1778834108,440236406
462926500,531078,516,4,496,1778834108,565154098
462926625,531142,516,4,498,1778834108,690287672
462926750,531207,516,4,499,1778834108,812221462
462926875,531271,516,4,500,1778834108,940210686
462927000,531336,516,4,502,1778834109,68906760
462927125,531400,516,4,504,1778834109,191055701
462927250,531465,516,4,505,1778834109,316572431
462927375,531529,516,4,504,1778834109,441554728
462927500,531594,516,4,505,1778834109,567022560
462927625,531658,516,4,503,1778834109,687321539
462927750,531723,516,4,504,1778834109,814216064
462927875,531787,516,4,504,1778834109,941922601
462928000,531852,516,4,504,1778834110,71926554
462928125,531916,516,4,505,1778834110,193125828
462928250,531981,516,4,505,1778834110,317319710
462928375,532046,516,4,505,1778834110,441764387
462928500,532110,516,4,507,1778834110,562002221
462928625,532175,516,4,507,1778834110,691961518
462928750,532239,516,4,509,1778834110,816422350
462928875,532304,516,4,508,1778834110,941979015
462929000,532368,516,4,510,1778834111,71208805
462929125,532433,516,4,512,1778834111,191904066
462929250,532497,516,4,515,1778834111,316318184
462929375,532562,516,4,517,1778834111,439053364
462929500,532626,516,4,517,1778834111,567131478
462929625,532691,516,4,518,1778834111,692246788
462929750,532755,516,4,520,1778834111,816178619
462929875,532820,516,4,522,1778834111,941190695
462930000,532884,516,4,524,1778834112,71962305
462930125,532949,516,4,523,1778834112,191313275
462930250,533013,516,4,524,1778834112,316346514
462930375,533078,516,4,526,1778834112,441049611
462930500,533142,516,4,527,1778834112,565999070
462930625,533207,516,4,527,1778834112,691089870
462930750,533271,517,4,531,1778834112,813982506
462930875,533336,516,4,532,1778834112,940828883
462931000,533401,516,4,534,1778834113,70180288
462931125,533465,516,4,530,1778834113,191146042
462931250,533530,516,4,527,1778834113,313830262
462931375,533594,516,4,525,1778834113,441269135
462931500,533659,516,4,524,1778834113,565598464
462931625,533723,516,4,525,1778834113,689990211
462931750,533788,516,4,524,1778834113,814835194
462931875,533852,516,4,522,1778834113,941005803
462932000,533917,516,4,520,1778834114,69557781
462932125,533981,516,4,519,1778834114,187790953
462932250,534046,516,4,519,1778834114,318106450
462932375,534110,516,4,521,1778834114,443977491
462932500,534175,516,4,521,1778834114,568202418
462932625,534239,516,4,519,1778834114,692956285
462932750,534304,516,4,513,1778834114,816545940
462932875,534369,516,4,511,1778834114,941700895
462933000,534433,516,4,509,1778834115,67707608
462933125,534497,516,4,507,1778834115,191628683
462933250,534562,516,4,506,1778834115,318121414
462933375,534627,516,4,505,1778834115,444071633
462933500,534691,516,4,504,1778834115,566832135
462933625,534756,516,4,503,1778834115,691828376
462933750,534820,516,4,502,1778834115,815980361
462933875,534885,516,4,503,1778834115,937987970
462934000,534949,516,4,502,1778834116,70689059
462934125,535014,516,4,501,1778834116,192795930
462934250,535078,516,4,504,1778834116,316487559
462934375,535143,516,4,503,1778834116,440880064
462934500,535207,516,4,506,1778834116,565936705
462934625,535272,516,4,503,1778834116,690934582
462934750,535336,516,4,500,1778834116,815588718
462934875,535401,516,4,498,1778834116,943397324
462935000,535465,516,4,498,1778834117,72969823
462935125,535530,516,4,499,1778834117,191999128
462935250,535594,516,4,499,1778834117,318442082
462935375,535659,516,4,500,1778834117,444580729
462935500,535723,516,4,499,1778834117,568949135
462935625,535788,516,4,501,1778834117,693744622
462935750,535852,516,4,500,1778834117,814364818
462935875,535917,516,4,499,1778834117,942937270
462936000,535981,516,4,499,1778834118,70815926
462936125,536046,516,4,497,1778834118,191496078
462936250,536110,516,4,495,1778834118,316979059
462936375,536175,516,4,495,1778834118,443601708
462936500,536239,516,4,495,1778834118,567969228
462936625,536304,516,4,496,1778834118,688580388
462936750,536369,516,4,495,1778834118,815699005
462936875,536433,516,4,497,1778834118,941548443
462937000,536498,516,4,495,1778834119,71382661
462937125,536562,516,4,494,1778834119,193260223
462937250,536627,516,4,492,1778834119,317610731
462937375,536691,516,4,490,1778834119,442801394
462937500,536756,516,4,488,1778834119,564207403
462937625,536820,516,4,487,1778834119,691690158
462937750,536885,516,4,487,1778834119,815712273
462937875,536949,516,4,487,1778834119,942757352
462938000,537014,516,4,486,1778834120,72191919
462938125,537078,516,4,485,1778834120,193198079
462938250,537143,516,4,484,1778834120,318187643
462938375,537208,516,4,487,1778834120,441252627
462938500,537272,516,4,489,1778834120,568537679
462938625,537337,516,4,489,1778834120,693590167
462938750,537401,516,4,491,1778834120,817749134
462938875,537466,516,4,492,1778834120,943588390
462939000,537530,516,4,491,1778834121,71446997
462939125,537595,516,4,492,1778834121,192878729
462939250,537659,516,4,491,1778834121,317527406
462939375,537724,516,4,492,1778834121,444264878
462939500,537789,516,4,493,1778834121,568279105
462939625,537853,516,4,495,1778834121,693175393
462939750,537918,516,4,496,1778834121,816540454
462939875,537982,516,4,496,1778834121,942997744
462940000,538047,516,4,495,1778834122,73538980
462940125,538111,516,4,498,1778834122,194393913
462940250,538176,516,4,498,1778834122,316040721
462940375,538240,516,4,497,1778834122,443697369
462940500,538305,516,4,496,1778834122,566522860
462940625,538369,516,4,496,1778834122,693133846
462940750,538434,516,4,496,1778834122,816659753
462940875,538498,516,4,496,1778834122,944155575
462941000,538563,516,4,495,1778834123,72423464
462941125,538627,516,4,494,1778834123,189246862
462941250,538692,516,4,493,1778834123,317617635
462941375,538756,516,4,493,1778834123,443605926
462941500,538821,516,4,495,1778834123,568375146
462941625,538885,516,4,494,1778834123,692622907
462941750,538950,516,4,494,1778834123,817784135
462941875,539014,516,4,494,1778834123,943620676
462942000,539079,516,4,494,1778834124,67985330
462942125,539143,516,4,494,1778834124,191548330
462942250,539208,516,4,494,1778834124,317149058
462942375,539272,516,4,494,1778834124,441597785
462942500,539337,516,4,497,1778834124,566138684
462942625,539401,516,4,500,1778834124,690194577
462942750,539466,516,4,500,1778834124,814065103
462942875,539530,516,4,500,1778834124,937506117
462943000,539595,516,4,499,1778834125,69339337
462943125,539659,516,4,496,1778834125,191350815
462943250,539724,516,4,495,1778834125,315971837
462943375,539789,516,4,494,1778834125,441284498
462943500,539853,516,4,494,1778834125,564841983
462943625,539918,516,4,490,1778834125,690364377
462943750,539982,516,4,489,1778834125,814369898
462943875,540047,516,4,492,1778834125,941463452
462944000,540111,516,4,491,1778834126,69095783
462944125,540176,516,4,486,1778834126,190338956
462944250,540240,516,4,484,1778834126,315607789
462944375,540305,516,4,483,1778834126,441440337
462944500,540369,516,4,485,1778834126,565994445
462944625,540434,516,4,485,1778834126,692094409
462944750,540498,516,4,483,1778834126,813129120
462944875,540563,516,4,482,1778834126,942268825
462945000,540627,516,4,481,1778834127,71050819
462945125,540691,516,4,485,1778834127,191156558
462945250,540756,516,4,488,1778834127,317171917
462945375,540820,516,4,483,1778834127,442834789
462945500,540885,516,4,481,1778834127,565799522
462945625,540949,516,4,479,1778834127,686131669
462945750,541014,516,4,482,1778834127,813697156
462945875,541078,516,4,480,1778834127,940171274
462946000,541143,516,4,477,1778834128,70695508
462946125,541207,516,4,475,1778834128,192367059
462946250,541272,516,4,476,1778834128,316174932
462946375,541336,516,4,477,1778834128,441030383
462946500,541401,516,4,468,1778834128,561200528
462946625,541465,516,4,457,1778834128,691778173
462946750,541530,516,4,452,1778834128,815593038
462946875,541594,516,4,451,1778834128,943144360
462947000,541659,516,4,450,1778834129,71248275
462947125,541723,516,4,447,1778834129,191157482
462947250,541788,516,4,444,1778834129,315599068
462947375,541852,516,4,442,1778834129,439310722
462947500,541917,516,4,442,1778834129,568567383
462947625,541981,516,4,441,1778834129,692620027
462947750,542046,516,4,438,1778834129,815968624
462947875,542110,516,4,437,1778834129,942214754
462948000,542175,516,4,432,1778834130,71308281
462948125,542239,516,4,434,1778834130,192798673
462948250,542304,516,4,433,1778834130,317713723
462948375,542368,516,4,429,1778834130,444098488
462948500,542433,516,4,427,1778834130,566967526
462948625,542498,516,4,426,1778834130,690415556
462948750,542562,516,4,427,1778834130,813784383
462948875,542627,516,4,426,1778834130,940853626
462949000,542691,516,4,425,1778834131,71161943
462949125,542756,516,4,424,1778834131,191696651
462949250,542820,516,4,423,1778834131,314272154
462949375,542885,516,4,423,1778834131,441895978
462949500,542949,516,4,423,1778834131,565164315
462949625,543014,516,4,423,1778834131,691072546
462949750,543078,516,4,427,1778834131,814863820
462949875,543143,516,4,429,1778834131,942415557
462950000,543207,516,4,429,1778834132,71931687
462950125,543272,516,4,430,1778834132,188406043
462950250,543336,516,4,430,1778834132,315815557
462950375,543401,516,4,431,1778834132,440928681
462950500,543465,516,4,438,1778834132,565922392
462950625,543530,516,4,442,1778834132,690914317
462950750,543594,516,4,444,1778834132,814536425
462950875,543659,516,4,447,1778834132,940876437
462951000,543723,516,4,449,1778834133,64750907
462951125,543788,516,4,451,1778834133,190387333
462951250,543852,516,4,453,1778834133,315004037
462951375,543917,516,4,454,1778834133,441104348
462951500,543981,516,4,456,1778834133,565013106
462951625,544046,516,4,457,1778834133,690162522
462951750,544110,516,4,458,1778834133,813550283
462951875,544175,516,4,459,1778834133,937105656
462952000,544239,516,4,459,1778834134,70287241
462952125,544304,516,4,460,1778834134,191872540
462952250,544368,516,4,461,1778834134,315682067
462952375,544433,516,4,461,1778834134,440481542
462952500,544497,516,4,460,1778834134,566575679
462952625,544562,516,4,461,1778834134,692405361
462952750,544626,516,4,461,1778834134,816600587
462952875,544691,516,4,461,1778834134,943493005
462953000,544756,516,4,461,1778834135,70389980
462953125,544820,516,4,462,1778834135,191590630
462953250,544885,516,4,462,1778834135,315539421
462953375,544949,516,4,463,1778834135,441633496
462953500,545014,516,4,462,1778834135,565798815
462953625,545078,516,4,462,1778834135,691741483
462953750,545143,516,4,462,1778834135,812746580
462953875,545207,516,4,462,1778834135,940182693
462954000,545272,516,4,462,1778834136,68542634
462954125,545336,516,4,463,1778834136,190141487
462954250,545401,516,4,464,1778834136,315445931
462954375,545465,516,4,462,1778834136,441607523
462954500,545530,516,4,461,1778834136,564440667
462954625,545594,516,4,462,1778834136,685346117
462954750,545659,516,4,463,1778834136,813236756
462954875,545723,516,4,463,1778834136,940291868
462955000,545788,516,4,463,1778834137,71456381
462955125,545852,516,4,463,1778834137,190394617
462955250,545917,516,4,464,1778834137,315684816
462955375,545981,516,4,464,1778834137,441469306
462955500,546046,516,4,463,1778834137,561788381
462955625,546110,516,4,463,1778834137,690647994
462955750,546175,516,4,464,1778834137,815032930
462955875,546239,516,4,463,1778834137,942171723
462956000,546304,516,4,463,1778834138,69833574
462956125,546368,516,4,464,1778834138,190403435
462956250,546433,516,4,464,1778834138,316383305
462956375,546497,516,4,464,1778834138,437262940
462956500,546562,516,4,466,1778834138,566409323
462956625,546626,516,4,467,1778834138,691522461
462956750,546691,516,4,465,1778834138,815322597
462956875,546755,516,4,465,1778834138,940555283
462957000,546820,516,4,465,1778834139,69677557
462957125,546884,516,4,465,1778834139,190044186
462957250,546949,516,4,466,1778834139,315412782
462957375,547013,516,4,466,1778834139,441504856
462957500,547078,516,4,466,1778834139,566291000
462957625,547142,516,4,466,1778834139,689500887
462957750,547207,516,4,468,1778834139,813164669
462957875,547271,516,4,468,1778834139,939485379
462958000,547336,516,4,460,1778834140,69817466
462958125,547400,516,4,456,1778834140,191192434
462958250,547465,516,4,453,1778834140,313549531
462958375,547529,516,4,452,1778834140,441300894
462958500,547594,516,4,452,1778834140,564353586
462958625,547658,516,4,451,1778834140,690162048
462958750,547723,516,4,451,1778834140,814108083
462958875,547787,516,4,451,1778834140,942019102
462959000,547852,516,4,451,1778834141,68431865
462959125,547916,516,4,450,1778834141,185432196
462959250,547981,516,4,449,1778834141,314338515
462959375,548045,516,4,450,1778834141,439889442
462959500,548110,516,4,450,1778834141,565401569
462959625,548174,516,4,450,1778834141,690118590
462959750,548239,516,4,448,1778834141,813461054
462959875,548303,516,4,448,1778834141,939139878
462960000,548368,516,4,449,1778834142,64869851
462960125,548432,516,4,449,1778834142,188387036
462960250,548497,516,4,449,1778834142,314097128
462960375,548561,516,4,449,1778834142,440300974
462960500,548626,516,4,449,1778834142,563444578
462960625,548690,516,4,450,1778834142,689070887
462960750,548755,516,4,453,1778834142,811875309
462960875,548819,516,4,454,1778834142,935453974
462961000,548884,516,4,457,1778834143,69083389
462961125,548948,516,4,457,1778834143,189836209
462961250,549013,516,4,460,1778834143,314422715
462961375,549077,516,4,460,1778834143,439954218
462961500,549142,516,4,458,1778834143,565170823
462961625,549206,516,4,455,1778834143,689753201
462961750,549271,516,4,453,1778834143,812969782
462961875,549335,516,4,453,1778834143,940186607
462962000,549400,516,4,454,1778834144,68489317
462962125,549464,516,4,453,1778834144,190287803
462962250,549529,516,4,452,1778834144,314187231
462962375,549593,516,4,450,1778834144,438891364
462962500,549658,516,4,452,1778834144,566167375
462962625,549722,516,4,455,1778834144,689645373
462962750,549787,516,4,453,1778834144,811894583
462962875,549851,516,4,452,1778834144,939289571
462963000,549916,516,4,451,1778834145,68992099
462963125,549980,516,4,453,1778834145,187966677
462963250,550045,516,4,455,1778834145,313250712
462963375,550109,516,4,453,1778834145,438944489
462963500,550174,516,4,451,1778834145,562794186
462963625,550238,516,4,450,1778834145,683752591
462963750,550303,516,4,451,1778834145,811880893
462963875,550367,516,4,453,1778834145,936657255
462964000,550432,516,4,451,1778834146,67654066
462964125,550496,516,4,450,1778834146,192172094
462964250,550561,516,4,450,1778834146,314725460
462964375,550625,516,4,451,1778834146,439742642
462964500,550690,516,4,452,1778834146,559880568
462964625,550754,516,4,449,1778834146,689552312
462964750,550819,516,4,448,1778834146,814384710
462964875,550883,516,4,448,1778834146,940992881
462965000,550948,516,4,449,1778834147,70706754
462965125,551012,516,4,447,1778834147,190778328
462965250,551077,516,4,446,1778834147,314761344
462965375,551141,516,4,446,1778834147,438131130
462965500,551206,516,4,448,1778834147,565989826
462965625,551270,516,4,449,1778834147,691110771
462965750,551335,516,4,446,1778834147,814935621
462965875,551399,516,4,446,1778834147,939997548
462966000,551464,516,4,445,1778834148,68996160
462966125,551528,516,4,448,1778834148,191073955
462966250,551593,516,4,449,1778834148,315179786
462966375,551657,516,4,447,1778834148,442089767
462966500,551721,516,4,447,1778834148,565902279
462966625,551786,516,4,447,1778834148,689787111
462966750,551850,516,4,447,1778834148,813655910
462966875,551915,516,4,447,1778834148,939907333
462967000,551979,516,4,446,1778834149,69295799
462967125,552044,516,4,445,1778834149,191784059
462967250,552108,516,4,445,1778834149,312684750
462967375,552173,516,4,444,1778834149,440197713
462967500,552237,516,4,445,1778834149,565967840
462967625,552302,516,4,445,1778834149,688947870
462967750,552366,516,4,445,1778834149,811818087
462967875,552431,516,4,445,1778834149,938563805
462968000,552495,516,4,444,1778834150,67065548
462968125,552560,516,4,443,1778834150,184348487
462968250,552624,516,4,442,1778834150,313789561
462968375,552689,516,4,442,1778834150,438049960
462968500,552753,516,4,442,1778834150,564477979
462968625,552818,516,4,442,1778834150,688819860
462968750,552882,516,4,442,1778834150,811725004
462968875,552947,516,4,442,1778834150,936773351
462969000,553011,516,4,443,1778834151,62772392
462969125,553076,516,4,442,1778834151,189133367
462969250,553140,516,4,443,1778834151,313659144
462969375,553204,516,4,443,1778834151,439444809
