iTOW,gpsFix,flags,fixStat,flags2,ttff,msss,bag_t.secs,bag_t.nsecs
462851625,3,223,2,8,7124176,7999677,1778834033,694447817
462851750,3,223,2,8,7124176,7999802,1778834033,819353922
462851875,3,223,2,8,7124176,7999927,1778834033,942847107
462852000,3,223,2,8,7124176,8000052,1778834034,69107902
462852125,3,223,2,8,7124176,8000177,1778834034,193773275
462852250,3,223,2,8,7124176,8000302,1778834034,319777383
462852375,3,223,2,8,7124176,8000427,1778834034,444808042
462852500,3,223,2,8,7124176,8000552,1778834034,570660185
462852625,3,223,2,8,7124176,8000677,1778834034,693803631
462852750,3,223,2,8,7124176,8000802,1778834034,818980390
462852875,3,223,2,8,7124176,8000927,1778834034,941411911
462853000,3,223,2,8,7124176,8001052,1778834035,74882374
462853125,3,223,2,8,7124176,8001177,1778834035,195393315
462853250,3,223,2,8,7124176,8001302,1778834035,320544258
462853375,3,223,2,8,7124176,8001427,1778834035,444725022
462853500,3,223,2,8,7124176,8001552,1778834035,570124528
462853625,3,223,2,8,7124176,8001677,1778834035,695588029
462853750,3,223,2,8,7124176,8001802,1778834035,818727413
462853875,3,223,2,8,7124176,8001927,1778834035,942637151
462854000,3,223,2,8,7124176,8002052,1778834036,73183104
462854125,3,223,2,8,7124176,8002177,1778834036,193895639
462854250,3,223,2,8,7124176,8002302,1778834036,319630617
462854375,3,223,2,8,7124176,8002427,1778834036,443616317
462854500,3,223,2,8,7124176,8002552,1778834036,569511023
462854625,3,223,2,8,7124176,8002677,1778834036,694523358
462854750,3,223,2,8,7124176,8002802,1778834036,816781910
462854875,3,223,2,8,7124176,8002927,1778834036,942910049
462855000,3,223,2,8,7124176,8003052,1778834037,73197218
462855125,3,223,2,8,7124176,8003177,1778834037,193216519
462855250,3,223,2,8,7124176,8003302,1778834037,319860124
462855375,3,223,2,8,7124176,8003427,1778834037,442976798
462855500,3,223,2,8,7124176,8003552,1778834037,568516122
462855625,3,223,2,8,7124176,8003677,1778834037,689537611
462855750,3,223,2,8,7124176,8003802,1778834037,817816415
462855875,3,223,2,8,7124176,8003927,1778834037,944786635
462856000,3,223,2,8,7124176,8004052,1778834038,74637312
462856125,3,223,2,8,7124176,8004177,1778834038,194707075
462856250,3,223,2,8,7124176,8004302,1778834038,318857776
462856375,3,223,2,8,7124176,8004427,1778834038,442690824
462856500,3,223,2,8,7124176,8004552,1778834038,564342128
462856625,3,223,2,8,7124176,8004677,1778834038,693708502
462856750,3,223,2,8,7124176,8004802,1778834038,818858782
462856875,3,223,2,8,7124176,8004927,1778834038,943933501
462857000,3,223,2,8,7124176,8005052,1778834039,73415107
462857125,3,223,2,8,7124176,8005177,1778834039,192915351
462857250,3,223,2,8,7124176,8005302,1778834039,318923127
462857375,3,223,2,8,7124176,8005427,1778834039,440831168
462857500,3,223,2,8,7124176,8005552,1778834039,569689124
462857625,3,223,2,8,7124176,8005677,1778834039,693509547
462857750,3,223,2,8,7124176,8005802,1778834039,817726545
462857875,3,223,2,8,7124176,8005927,1778834039,941682583
462858000,3,223,2,8,7124176,8006052,1778834040,71905655
462858125,3,223,2,8,7124176,8006177,1778834040,192917906
462858250,3,223,2,8,7124176,8006302,1778834040,318910868
462858375,3,223,2,8,7124176,8006427,1778834040,444431018
462858500,3,223,2,8,7124176,8006552,1778834040,569563458
462858625,3,223,2,8,7124176,8006677,1778834040,693454951
462858750,3,223,2,8,7124176,8006802,1778834040,818591506
462858875,3,223,2,8,7124176,8006927,1778834040,944098912
462859000,3,223,2,8,7124176,8007052,1778834041,74580082
462859125,3,223,2,8,7124176,8007177,1778834041,193951068
462859250,3,223,2,8,7124176,8007302,1778834041,317316525
462859375,3,223,2,8,7124176,8007427,1778834041,443860629
462859500,3,223,2,8,7124176,8007552,1778834041,568746907
462859625,3,223,2,8,7124176,8007677,1778834041,693309183
462859750,3,223,2,8,7124176,8007802,1778834041,817591083
462859875,3,223,2,8,7124176,8007927,1778834041,942544304
462860000,3,223,2,8,7124176,8008052,1778834042,73957869
462860125,3,223,2,8,7124176,8008177,1778834042,189332674
462860250,3,223,2,8,7124176,8008302,1778834042,318730182
462860375,3,223,2,8,7124176,8008427,1778834042,442335571
462860500,3,223,2,8,7124176,8008552,1778834042,568409724
462860625,3,223,2,8,7124176,8008677,1778834042,693009689
462860750,3,223,2,8,7124176,8008802,1778834042,818429381
462860875,3,223,2,8,7124176,8008927,1778834042,944602764
462861000,3,223,2,8,7124176,8009052,1778834043,69414266
462861125,3,223,2,8,7124176,8009177,1778834043,193913627
462861250,3,223,2,8,7124176,8009302,1778834043,320343453
462861375,3,223,2,8,7124176,8009427,1778834043,444400872
462861500,3,223,2,8,7124176,8009552,1778834043,568959281
462861625,3,223,2,8,7124176,8009677,1778834043,693257408
462861750,3,223,2,8,7124176,8009802,1778834043,818470204
462861875,3,223,2,8,7124176,8009927,1778834043,940742318
462862000,3,223,2,8,7124176,8010052,1778834044,73733146
462862125,3,223,2,8,7124176,8010177,1778834044,194866718
462862250,3,223,2,8,7124176,8010302,1778834044,320288459
462862375,3,223,2,8,7124176,8010427,1778834044,442827600
462862500,3,223,2,8,7124176,8010552,1778834044,569638257
462862625,3,223,2,8,7124176,8010677,1778834044,693539408
462862750,3,223,2,8,7124176,8010802,1778834044,818311266
462862875,3,223,2,8,7124176,8010927,1778834044,943731469
462863000,3,223,2,8,7124176,8011052,1778834045,72454567
462863125,3,223,2,8,7124176,8011177,1778834045,192915467
462863250,3,223,2,8,7124176,8011302,1778834045,318874494
462863375,3,223,2,8,7124176,8011427,1778834045,441749300
462863500,3,223,2,8,7124176,8011552,1778834045,567816649
462863625,3,223,2,8,7124176,8011677,1778834045,692545372
462863750,3,223,2,8,7124176,8011802,1778834045,815614273
462863875,3,223,2,8,7124176,8011927,1778834045,942499554
462864000,3,223,2,8,7124176,8012052,1778834046,72397103
462864125,3,223,2,8,7124176,8012177,1778834046,192487024
462864250,3,223,2,8,7124176,8012302,1778834046,318612959
462864375,3,223,2,8,7124176,8012427,1778834046,442792637
462864500,3,223,2,8,7124176,8012552,1778834046,567814112
462864625,3,223,2,8,7124176,8012677,1778834046,688809594
462864750,3,223,2,8,7124176,8012802,1778834046,817309544
462864875,3,223,2,8,7124176,8012927,1778834046,942412682
462865000,3,223,2,8,7124176,8013052,1778834047,73976224
462865125,3,223,2,8,7124176,8013177,1778834047,193357664
462865250,3,223,2,8,7124176,8013302,1778834047,320234443
462865375,3,223,2,8,7124176,8013427,1778834047,444529147
462865500,3,223,2,8,7124176,8013552,1778834047,564631969
462865625,3,223,2,8,7124176,8013677,1778834047,693546657
462865750,3,223,2,8,7124176,8013802,1778834047,818574317
462865875,3,223,2,8,7124176,8013927,1778834047,943598024
462866000,3,223,2,8,7124176,8014052,1778834048,73429646
462866125,3,223,2,8,7124176,8014177,1778834048,193705314
462866250,3,223,2,8,7124176,8014302,1778834048,318686247
462866374,3,223,2,8,7124176,8014427,1778834048,440734116
462866499,3,223,2,8,7124176,8014552,1778834048,570249082
462866624,3,223,2,8,7124176,8014677,1778834048,693766499
462866749,3,223,2,8,7124176,8014802,1778834048,817861947
462866874,3,223,2,8,7124176,8014927,1778834048,942431564
462866999,3,223,2,8,7124176,8015052,1778834049,72248733
462867124,3,223,2,8,7124176,8015177,1778834049,192767341
462867249,3,223,2,8,7124176,8015302,1778834049,318969016
462867375,3,223,2,8,7124176,8015428,1778834049,446659507
462867500,3,223,2,8,7124176,8015553,1778834049,570240380
462867625,3,223,2,8,7124176,8015678,1778834049,694956088
462867750,3,223,2,8,7124176,8015803,1778834049,818567010
462867875,3,223,2,8,7124176,8015928,1778834049,944551487
462868000,3,223,2,8,7124176,8016053,1778834050,74723673
462868125,3,223,2,8,7124176,8016178,1778834050,195751743
462868250,3,223,2,8,7124176,8016303,1778834050,317814579
462868375,3,223,2,8,7124176,8016428,1778834050,444831377
462868500,3,223,2,8,7124176,8016553,1778834050,569655682
462868625,3,223,2,8,7124176,8016678,1778834050,695363745
462868750,3,223,2,8,7124176,8016803,1778834050,818409904
462868875,3,223,2,8,7124176,8016928,1778834050,944988298
462869000,3,223,2,8,7124176,8017053,1778834051,73803318
462869125,3,223,2,8,7124176,8017178,1778834051,190868005
462869250,3,223,2,8,7124176,8017303,1778834051,318757160
462869375,3,223,2,8,7124176,8017428,1778834051,444538889
462869500,3,223,2,8,7124176,8017553,1778834051,570144139
462869625,3,223,2,8,7124176,8017678,1778834051,695974174
462869750,3,223,2,8,7124176,8017803,1778834051,818612528
462869875,3,223,2,8,7124176,8017928,1778834051,944421346
462870000,3,223,2,8,7124176,8018053,1778834052,70376593
462870125,3,223,2,8,7124176,8018178,1778834052,195412044
462870250,3,223,2,8,7124176,8018303,1778834052,319745510
462870375,3,223,2,8,7124176,8018428,1778834052,446020822
462870500,3,223,2,8,7124176,8018553,1778834052,569814370
462870625,3,223,2,8,7124176,8018678,1778834052,694867028
462870750,3,223,2,8,7124176,8018803,1778834052,818341825
462870875,3,223,2,8,7124176,8018928,1778834052,941666566
462871000,3,223,2,8,7124176,8019053,1778834053,73514712
462871125,3,223,2,8,7124176,8019178,1778834053,195968149
462871250,3,223,2,8,7124176,8019303,1778834053,320671923
462871375,3,223,2,8,7124176,8019428,1778834053,445040288
462871500,3,223,2,8,7124176,8019553,1778834053,568835793
462871625,3,223,2,8,7124176,8019678,1778834053,694484000
462871750,3,223,2,8,7124176,8019803,1778834053,817442101
462871875,3,223,2,8,7124176,8019928,1778834053,942723199
462872000,3,223,2,8,7124176,8020053,1778834054,72902478
462872125,3,223,2,8,7124176,8020178,1778834054,195666345
462872250,3,223,2,8,7124176,8020303,1778834054,320927850
462872375,3,223,2,8,7124176,8020428,1778834054,445742458
462872500,3,223,2,8,7124176,8020553,1778834054,572506368
462872625,3,223,2,8,7124176,8020678,1778834054,697539446
462872750,3,223,2,8,7124176,8020803,1778834054,818373103
462872875,3,223,2,8,7124176,8020928,1778834054,946753844
462873000,3,223,2,8,7124176,8021053,1778834055,75045662
462873125,3,223,2,8,7124176,8021178,1778834055,196933675
462873250,3,223,2,8,7124176,8021303,1778834055,322189373
462873375,3,223,2,8,7124176,8021428,1778834055,447864268
462873500,3,223,2,8,7124176,8021553,1778834055,571549719
462873625,3,223,2,8,7124176,8021678,1778834055,693818836
462873750,3,223,2,8,7124176,8021803,1778834055,820612555
462873875,3,223,2,8,7124176,8021928,1778834055,947333272
462874000,3,223,2,8,7124176,8022053,1778834056,76783199
462874125,3,223,2,8,7124176,8022178,1778834056,197312069
462874250,3,223,2,8,7124176,8022303,1778834056,321953751
462874375,3,223,2,8,7124176,8022428,1778834056,445450157
462874500,3,223,2,8,7124176,8022553,1778834056,565821366
462874625,3,223,2,8,7124176,8022678,1778834056,695111123
462874750,3,223,2,8,7124176,8022803,1778834056,820155313
462874875,3,223,2,8,7124176,8022928,1778834056,945547169
462875000,3,223,2,8,7124176,8023053,1778834057,76790779
462875125,3,223,2,8,7124176,8023178,1778834057,195865538
462875250,3,223,2,8,7124176,8023303,1778834057,321444716
462875375,3,223,2,8,7124176,8023428,1778834057,443645599
462875500,3,223,2,8,7124176,8023553,1778834057,570544832
462875625,3,223,2,8,7124176,8023678,1778834057,697516222
462875750,3,223,2,8,7124176,8023803,1778834057,820387250
462875875,3,223,2,8,7124176,8023928,1778834057,945356281
462876000,3,223,2,8,7124176,8024053,1778834058,75222910
462876125,3,223,2,8,7124176,8024178,1778834058,195128364
462876250,3,223,2,8,7124176,8024303,1778834058,320661178
462876375,3,223,2,8,7124176,8024428,1778834058,447270862
462876500,3,223,2,8,7124176,8024553,1778834058,570407726
462876625,3,223,2,8,7124176,8024678,1778834058,695296298
462876750,3,223,2,8,7124176,8024803,1778834058,819268455
462876875,3,223,2,8,7124176,8024928,1778834058,945335262
462877000,3,223,2,8,7124176,8025053,1778834059,75611390
462877125,3,223,2,8,7124176,8025178,1778834059,197156089
462877250,3,223,2,8,7124176,8025303,1778834059,318352468
462877375,3,223,2,8,7124176,8025428,1778834059,446374372
462877500,3,223,2,8,7124176,8025553,1778834059,570523967
462877625,3,223,2,8,7124176,8025678,1778834059,694622021
462877750,3,223,2,8,7124176,8025803,1778834059,818456406
462877875,3,223,2,8,7124176,8025928,1778834059,946397540
462878000,3,223,2,8,7124176,8026053,1778834060,73349199
462878125,3,223,2,8,7124176,8026178,1778834060,191347685
462878250,3,223,2,8,7124176,8026303,1778834060,319263509
462878375,3,223,2,8,7124176,8026428,1778834060,444344621
462878500,3,223,2,8,7124176,8026553,1778834060,569456980
462878625,3,223,2,8,7124176,8026678,1778834060,695197106
462878750,3,223,2,8,7124176,8026803,1778834060,819069949
462878875,3,223,2,8,7124176,8026928,1778834060,945222597
462879000,3,223,2,8,7124176,8027053,1778834061,69090904
462879125,3,223,2,8,7124176,8027178,1778834061,194826803
462879250,3,223,2,8,7124176,8027303,1778834061,319917324
462879375,3,223,2,8,7124176,8027428,1778834061,445333782
462879500,3,223,2,8,7124176,8027553,1778834061,569290465
462879625,3,223,2,8,7124176,8027678,1778834061,693496523
462879750,3,223,2,8,7124176,8027803,1778834061,817051078
462879875,3,223,2,8,7124176,8027928,1778834061,941017044
462880000,3,223,2,8,7124176,8028053,1778834062,75187927
462880125,3,223,2,8,7124176,8028178,1778834062,195126944
462880250,3,223,2,8,7124176,8028303,1778834062,319302833
462880375,3,223,2,8,7124176,8028428,1778834062,442427862
462880500,3,223,2,8,7124176,8028553,1778834062,568063525
462880625,3,223,2,8,7124176,8028678,1778834062,693536559
462880750,3,223,2,8,7124176,8028803,1778834062,817922723
462880875,3,223,2,8,7124176,8028928,1778834062,945103508
462881000,3,223,2,8,7124176,8029053,1778834063,73145321
462881125,3,223,2,8,7124176,8029178,1778834063,193142349
462881250,3,223,2,8,7124176,8029303,1778834063,319355020
462881375,3,223,2,8,7124176,8029428,1778834063,446439151
462881500,3,223,2,8,7124176,8029553,1778834063,569978254
462881625,3,223,2,8,7124176,8029678,1778834063,695484112
462881750,3,223,2,8,7124176,8029803,1778834063,817321622
462881875,3,223,2,8,7124176,8029928,1778834063,945095419
462882000,3,223,2,8,7124176,8030053,1778834064,74135613
462882125,3,223,2,8,7124176,8030178,1778834064,195336618
462882250,3,223,2,8,7124176,8030303,1778834064,320345853
462882375,3,223,2,8,7124176,8030428,1778834064,446915994
462882500,3,223,2,8,7124176,8030553,1778834064,571365830
462882625,3,223,2,8,7124176,8030678,1778834064,690855411
462882750,3,223,2,8,7124176,8030803,1778834064,819006761
462882875,3,223,2,8,7124176,8030928,1778834064,944940108
462883000,3,223,2,8,7124176,8031053,1778834065,74791330
462883125,3,223,2,8,7124176,8031178,1778834065,195371426
462883250,3,223,2,8,7124176,8031303,1778834065,319824240
462883375,3,223,2,8,7124176,8031428,1778834065,443812499
462883500,3,223,2,8,7124176,8031553,1778834065,563893998
462883625,3,223,2,8,7124176,8031678,1778834065,693073779
462883750,3,223,2,8,7124176,8031803,1778834065,818235482
462883875,3,223,2,8,7124176,8031928,1778834065,944067039
462884000,3,223,2,8,7124176,8032053,1778834066,73139889
462884125,3,223,2,8,7124176,8032178,1778834066,194087408
462884250,3,223,2,8,7124176,8032303,1778834066,319501868
462884375,3,223,2,8,7124176,8032428,1778834066,441739365
462884500,3,223,2,8,7124176,8032553,1778834066,568195909
462884625,3,223,2,8,7124176,8032678,1778834066,693994660
462884750,3,223,2,8,7124176,8032803,1778834066,817675672
462884875,3,223,2,8,7124176,8032928,1778834066,943658911
462885000,3,223,2,8,7124176,8033053,1778834067,72946113
462885125,3,223,2,8,7124176,8033178,1778834067,192902667
462885250,3,223,2,8,7124176,8033303,1778834067,318225791
462885375,3,223,2,8,7124176,8033428,1778834067,444117071
462885500,3,223,2,8,7124176,8033553,1778834067,567949871
462885625,3,223,2,8,7124176,8033678,1778834067,692663433
462885750,3,223,2,8,7124176,8033803,1778834067,816065188
462885875,3,223,2,8,7124176,8033928,1778834067,943146349
462886000,3,223,2,8,7124176,8034053,1778834068,72179259
462886125,3,223,2,8,7124176,8034178,1778834068,193754569
462886250,3,223,2,8,7124176,8034303,1778834068,315506008
462886375,3,223,2,8,7124176,8034428,1778834068,442859322
462886500,3,223,2,8,7124176,8034553,1778834068,568444230
462886625,3,223,2,8,7124176,8034678,1778834068,694005840
462886750,3,223,2,8,7124176,8034803,1778834068,816788156
462886875,3,223,2,8,7124176,8034928,1778834068,944564864
462887000,3,223,2,8,7124176,8035053,1778834069,71988829
462887125,3,223,2,8,7124176,8035178,1778834069,189701022
462887250,3,223,2,8,7124176,8035303,1778834069,318844744
462887375,3,223,2,8,7124176,8035428,1778834069,444462644
462887500,3,223,2,8,7124176,8035553,1778834069,569771023
462887625,3,223,2,8,7124176,8035678,1778834069,693870873
462887750,3,223,2,8,7124176,8035803,1778834069,816792769
462887875,3,223,2,8,7124176,8035928,1778834069,941981654
462888000,3,223,2,8,7124176,8036053,1778834070,68222251
462888125,3,223,2,8,7124176,8036178,1778834070,192424995
462888250,3,223,2,8,7124176,8036303,1778834070,317998441
462888375,3,223,2,8,7124176,8036428,1778834070,443526769
462888500,3,223,2,8,7124176,8036553,1778834070,567906432
462888625,3,223,2,8,7124176,8036678,1778834070,692731146
462888750,3,223,2,8,7124176,8036803,1778834070,816441529
462888875,3,223,2,8,7124176,8036928,1778834070,940010275
462889000,3,223,2,8,7124176,8037053,1778834071,72270859
462889125,3,223,2,8,7124176,8037178,1778834071,194619668
462889250,3,223,2,8,7124176,8037303,1778834071,319660654
462889375,3,223,2,8,7124176,8037428,1778834071,442995609
462889500,3,223,2,8,7124176,8037553,1778834071,566884418
462889625,3,223,2,8,7124176,8037678,1778834071,692755991
462889750,3,223,2,8,7124176,8037803,1778834071,816354701
462889875,3,223,2,8,7124176,8037928,1778834071,941930931
462890000,3,223,2,8,7124176,8038053,1778834072,72552508
462890125,3,223,2,8,7124176,8038178,1778834072,193779654
462890250,3,223,2,8,7124176,8038303,1778834072,318514934
462890375,3,223,2,8,7124176,8038428,1778834072,443700770
462890500,3,223,2,8,7124176,8038553,1778834072,568398884
462890625,3,223,2,8,7124176,8038678,1778834072,694669072
462890750,3,223,2,8,7124176,8038803,1778834072,815850411
462890875,3,223,2,8,7124176,8038928,1778834072,944178156
462891000,3,223,2,8,7124176,8039053,1778834073,72129805
462891125,3,223,2,8,7124176,8039178,1778834073,192300342
462891250,3,223,2,8,7124176,8039303,1778834073,318456022
462891375,3,223,2,8,7124176,8039428,1778834073,443698701
462891500,3,223,2,8,7124176,8039553,1778834073,567664678
462891625,3,223,2,8,7124176,8039678,1778834073,688583889
462891750,3,223,2,8,7124176,8039803,1778834073,815929428
462891875,3,223,2,8,7124176,8039928,1778834073,941556651
462892000,3,223,2,8,7124176,8040053,1778834074,72209985
462892125,3,223,2,8,7124176,8040178,1778834074,193575331
462892250,3,223,2,8,7124176,8040303,1778834074,317352588
462892375,3,223,2,8,7124176,8040428,1778834074,441531700
462892500,3,223,2,8,7124176,8040553,1778834074,563637813
462892625,3,223,2,8,7124176,8040678,1778834074,691278104
462892750,3,223,2,8,7124176,8040803,1778834074,816449132
462892875,3,223,2,8,7124176,8040928,1778834074,941529528
462893000,3,223,2,8,7124176,8041053,1778834075,70276691
462893125,3,223,2,8,7124176,8041178,1778834075,192123594
462893250,3,223,2,8,7124176,8041303,1778834075,317539298
462893375,3,223,2,8,7124176,8041428,1778834075,440388647
462893500,3,223,2,8,7124176,8041553,1778834075,568455271
462893625,3,223,2,8,7124176,8041678,1778834075,694478271
462893750,3,223,2,8,7124176,8041803,1778834075,818366226
462893875,3,223,2,8,7124176,8041928,1778834075,943387760
462894000,3,223,2,8,7124176,8042053,1778834076,71965433
462894125,3,223,2,8,7124176,8042178,1778834076,192416879
462894250,3,223,2,8,7124176,8042303,1778834076,318175686
462894375,3,223,2,8,7124176,8042428,1778834076,443300749
462894500,3,223,2,8,7124176,8042553,1778834076,567425166
462894625,3,223,2,8,7124176,8042678,1778834076,691500182
462894750,3,223,2,8,7124176,8042803,1778834076,816123838
462894875,3,223,2,8,7124176,8042928,1778834076,941381911
462895000,3,223,2,8,7124176,8043053,1778834077,72177954
462895125,3,223,2,8,7124176,8043178,1778834077,193533771
462895250,3,223,2,8,7124176,8043303,1778834077,315969810
462895375,3,223,2,8,7124176,8043428,1778834077,442951316
462895500,3,223,2,8,7124176,8043553,1778834077,567175455
462895625,3,223,2,8,7124176,8043678,1778834077,693756859
462895750,3,223,2,8,7124176,8043803,1778834077,817492397
462895875,3,223,2,8,7124176,8043928,1778834077,944170709
462896000,3,223,2,8,7124176,8044053,1778834078,72943356
462896125,3,223,2,8,7124176,8044178,1778834078,189146617
462896250,3,223,2,8,7124176,8044303,1778834078,319193740
462896375,3,223,2,8,7124176,8044428,1778834078,445207343
462896500,3,223,2,8,7124176,8044553,1778834078,568853162
462896625,3,223,2,8,7124176,8044678,1778834078,694865514
462896750,3,223,2,8,7124176,8044803,1778834078,818936687
462896875,3,223,2,8,7124176,8044928,1778834078,943996472
462897000,3,223,2,8,7124176,8045053,1778834079,68773820
462897125,3,223,2,8,7124176,8045178,1778834079,193969256
462897250,3,223,2,8,7124176,8045303,1778834079,318950738
462897375,3,223,2,8,7124176,8045428,1778834079,443925907
462897500,3,223,2,8,7124176,8045553,1778834079,569291700
462897625,3,223,2,8,7124176,8045678,1778834079,692377406
462897750,3,223,2,8,7124176,8045803,1778834079,816377919
462897875,3,223,2,8,7124176,8045928,1778834079,940587810
462898000,3,223,2,8,7124176,8046053,1778834080,72199987
462898125,3,223,2,8,7124176,8046178,1778834080,193290672
462898250,3,223,2,8,7124176,8046303,1778834080,318476877
462898375,3,223,2,8,7124176,8046428,1778834080,442906935
462898500,3,223,2,8,7124176,8046553,1778834080,566950742
462898625,3,223,2,8,7124176,8046678,1778834080,693789919
462898750,3,223,2,8,7124176,8046803,1778834080,818756676
462898875,3,223,2,8,7124176,8046928,1778834080,944231561
462899000,3,223,2,8,7124176,8047053,1778834081,73905733
462899125,3,223,2,8,7124176,8047178,1778834081,194056466
462899250,3,223,2,8,7124176,8047303,1778834081,318708097
462899375,3,223,2,8,7124176,8047428,1778834081,445118407
462899500,3,223,2,8,7124176,8047553,1778834081,570995497
462899625,3,223,2,8,7124176,8047678,1778834081,695992200
462899750,3,223,2,8,7124176,8047803,1778834081,816129487
462899875,3,223,2,8,7124176,8047928,1778834081,944927602
462900000,3,223,2,8,7124176,8048053,1778834082,74888906
462900125,3,223,2,8,7124176,8048178,1778834082,193763003
462900250,3,223,2,8,7124176,8048303,1778834082,319131605
462900375,3,223,2,8,7124176,8048428,1778834082,445574699
462900500,3,223,2,8,7124176,8048553,1778834082,568779247
462900625,3,223,2,8,7124176,8048678,1778834082,689975903
462900750,3,223,2,8,7124176,8048803,1778834082,818493572
462900875,3,223,2,8,7124176,8048928,1778834082,945137865
462901000,3,223,2,8,7124176,8049053,1778834083,74011777
462901125,3,223,2,8,7124176,8049178,1778834083,196309151
462901250,3,223,2,8,7124176,8049303,1778834083,320233321
462901375,3,223,2,8,7124176,8049428,1778834083,444857843
462901500,3,223,2,8,7124176,8049553,1778834083,564932902
462901625,3,223,2,8,7124176,8049678,1778834083,693974130
462901750,3,223,2,8,7124176,8049803,1778834083,818379991
462901875,3,223,2,8,7124176,8049928,1778834083,945150085
462902000,3,223,2,8,7124176,8050053,1778834084,72808985
462902125,3,223,2,8,7124176,8050178,1778834084,194776185
462902250,3,223,2,8,7124176,8050303,1778834084,319817311
462902375,3,223,2,8,7124176,8050428,1778834084,441799423
462902500,3,223,2,8,7124176,8050553,1778834084,569997989
462902625,3,223,2,8,7124176,8050678,1778834084,695054074
462902750,3,223,2,8,7124176,8050803,1778834084,819763195
462902875,3,223,2,8,7124176,8050928,1778834084,944852425
462903000,3,223,2,8,7124176,8051053,1778834085,72728886
462903125,3,223,2,8,7124176,8051178,1778834085,193393894
462903250,3,223,2,8,7124176,8051303,1778834085,318755235
462903375,3,223,2,8,7124176,8051428,1778834085,445453160
462903500,3,223,2,8,7124176,8051553,1778834085,570543922
462903625,3,223,2,8,7124176,8051678,1778834085,694761478
462903750,3,223,2,8,7124176,8051803,1778834085,819803035
462903875,3,223,2,8,7124176,8051928,1778834085,945556698
462904000,3,223,2,8,7124176,8052053,1778834086,74634785
462904125,3,223,2,8,7124176,8052178,1778834086,195837429
462904250,3,223,2,8,7124176,8052303,1778834086,317948757
462904375,3,223,2,8,7124176,8052428,1778834086,445154380
462904500,3,223,2,8,7124176,8052553,1778834086,568823968
462904625,3,223,2,8,7124176,8052678,1778834086,694377176
462904750,3,223,2,8,7124176,8052803,1778834086,818163262
462904875,3,223,2,8,7124176,8052928,1778834086,945174234
462905000,3,223,2,8,7124176,8053053,1778834087,74785090
462905125,3,223,2,8,7124176,8053178,1778834087,189923853
462905250,3,223,2,8,7124176,8053303,1778834087,318603017
462905375,3,223,2,8,7124176,8053428,1778834087,443703509
462905500,3,223,2,8,7124176,8053553,1778834087,568407758
462905625,3,223,2,8,7124176,8053678,1778834087,694836979
462905750,3,223,2,8,7124176,8053803,1778834087,818772967
462905875,3,223,2,8,7124176,8053928,1778834087,944664229
462906000,3,223,2,8,7124176,8054053,1778834088,69333362
462906125,3,223,2,8,7124176,8054178,1778834088,195779925
462906250,3,223,2,8,7124176,8054303,1778834088,319388384
462906375,3,223,2,8,7124176,8054428,1778834088,444634352
462906500,3,223,2,8,7124176,8054553,1778834088,567810075
462906625,3,223,2,8,7124176,8054678,1778834088,693274826
462906750,3,223,2,8,7124176,8054803,1778834088,817223879
462906875,3,223,2,8,7124176,8054928,1778834088,940471924
462907000,3,223,2,8,7124176,8055053,1778834089,72750570
462907125,3,223,2,8,7124176,8055178,1778834089,196517181
462907250,3,223,2,8,7124176,8055303,1778834089,321780506
462907375,3,223,2,8,7124176,8055428,1778834089,445751519
462907500,3,223,2,8,7124176,8055553,1778834089,570523380
462907625,3,223,2,8,7124176,8055678,1778834089,693758000
462907750,3,223,2,8,7124176,8055803,1778834089,817929144
462907875,3,223,2,8,7124176,8055928,1778834089,945043460
462908000,3,223,2,8,7124176,8056053,1778834090,73528593
462908125,3,223,2,8,7124176,8056178,1778834090,194455123
462908250,3,223,2,8,7124176,8056303,1778834090,319700859
462908375,3,223,2,8,7124176,8056428,1778834090,442333432
462908500,3,223,2,8,7124176,8056553,1778834090,569357159
462908625,3,223,2,8,7124176,8056678,1778834090,694689154
462908750,3,223,2,8,7124176,8056803,1778834090,816362393
462908875,3,223,2,8,7124176,8056928,1778834090,943566726
462909000,3,223,2,8,7124176,8057053,1778834091,73154356
462909125,3,223,2,8,7124176,8057178,1778834091,194065163
462909250,3,223,2,8,7124176,8057303,1778834091,319828432
462909375,3,223,2,8,7124176,8057428,1778834091,445944537
462909500,3,223,2,8,7124176,8057553,1778834091,569406497
462909625,3,223,2,8,7124176,8057678,1778834091,690144567
462909750,3,223,2,8,7124176,8057803,1778834091,817632599
462909875,3,223,2,8,7124176,8057928,1778834091,943297267
462910000,3,223,2,8,7124176,8058053,1778834092,75039441
462910125,3,223,2,8,7124176,8058178,1778834092,194612807
462910250,3,223,2,8,7124176,8058303,1778834092,318342932
462910375,3,223,2,8,7124176,8058428,1778834092,442253592
462910500,3,223,2,8,7124176,8058553,1778834092,563403666
462910625,3,223,2,8,7124176,8058678,1778834092,692505927
462910750,3,223,2,8,7124176,8058803,1778834092,816397405
462910875,3,223,2,8,7124176,8058928,1778834092,945050450
462911000,3,223,2,8,7124176,8059053,1778834093,73002276
462911125,3,223,2,8,7124176,8059178,1778834093,194384777
462911250,3,223,2,8,7124176,8059303,1778834093,317621750
462911375,3,223,2,8,7124176,8059428,1778834093,440050190
462911500,3,223,2,8,7124176,8059553,1778834093,568092084
462911625,3,223,2,8,7124176,8059678,1778834093,694072523
462911750,3,223,2,8,7124176,8059803,1778834093,817239216
462911875,3,223,2,8,7124176,8059928,1778834093,942291367
462912000,3,223,2,8,7124176,8060053,1778834094,71973100
462912125,3,223,2,8,7124176,8060178,1778834094,193132681
462912250,3,223,2,8,7124176,8060303,1778834094,317459662
462912375,3,223,2,8,7124176,8060428,1778834094,443192292
462912500,3,223,2,8,7124176,8060553,1778834094,568033193
462912625,3,223,2,8,7124176,8060678,1778834094,693911688
462912750,3,223,2,8,7124176,8060803,1778834094,815642807
462912875,3,223,2,8,7124176,8060928,1778834094,941810192
462913000,3,223,2,8,7124176,8061053,1778834095,71187014
462913125,3,223,2,8,7124176,8061178,1778834095,193132661
462913250,3,223,2,8,7124176,8061303,1778834095,315914734
462913375,3,223,2,8,7124176,8061428,1778834095,443293210
462913500,3,223,2,8,7124176,8061553,1778834095,568013807
462913625,3,223,2,8,7124176,8061678,1778834095,694999321
462913750,3,223,2,8,7124176,8061803,1778834095,819029774
462913875,3,223,2,8,7124176,8061928,1778834095,944897674
462914000,3,223,2,8,7124176,8062053,1778834096,73060651
462914125,3,223,2,8,7124176,8062178,1778834096,189948931
462914250,3,223,2,8,7124176,8062303,1778834096,319108870
462914375,3,223,2,8,7124176,8062428,1778834096,444230923
462914500,3,223,2,8,7124176,8062553,1778834096,568751357
462914625,3,223,2,8,7124176,8062678,1778834096,694899442
462914750,3,223,2,8,7124176,8062803,1778834096,819016962
462914875,3,223,2,8,7124176,8062928,1778834096,943926308
462915000,3,223,2,8,7124176,8063053,1778834097,70194874
462915125,3,223,2,8,7124176,8063178,1778834097,193209411
462915250,3,223,2,8,7124176,8063303,1778834097,319013961
462915375,3,223,2,8,7124176,8063428,1778834097,445140773
462915500,3,223,2,8,7124176,8063553,1778834097,568753421
462915625,3,223,2,8,7124176,8063678,1778834097,693880238
462915750,3,223,2,8,7124176,8063803,1778834097,817412996
462915875,3,223,2,8,7124176,8063928,1778834097,939885453
462916000,3,223,2,8,7124176,8064053,1778834098,71879467
462916125,3,223,2,8,7124176,8064178,1778834098,193837980
462916250,3,223,2,8,7124176,8064303,1778834098,318022838
462916375,3,223,2,8,7124176,8064428,1778834098,443163388
462916500,3,223,2,8,7124176,8064553,1778834098,567326548
462916625,3,223,2,8,7124176,8064678,1778834098,692631835
462916750,3,223,2,8,7124176,8064803,1778834098,817201211
462916875,3,223,2,8,7124176,8064928,1778834098,942925573
462917000,3,223,2,8,7124176,8065053,1778834099,71880134
462917125,3,223,2,8,7124176,8065178,1778834099,192604266
462917250,3,223,2,8,7124176,8065303,1778834099,318116953
462917375,3,223,2,8,7124176,8065428,1778834099,442628245
462917500,3,223,2,8,7124176,8065553,1778834099,569019465
462917625,3,223,2,8,7124176,8065678,1778834099,693881652
462917750,3,223,2,8,7124176,8065803,1778834099,815035946
462917875,3,223,2,8,7124176,8065928,1778834099,943848316
462918000,3,223,2,8,7124176,8066053,1778834100,71706074
462918125,3,223,2,8,7124176,8066178,1778834100,193660579
462918250,3,223,2,8,7124176,8066303,1778834100,319001014
462918375,3,223,2,8,7124176,8066428,1778834100,445528694
462918500,3,223,2,8,7124176,8066553,1778834100,568724932
462918625,3,223,2,8,7124176,8066678,1778834100,689672321
462918750,3,223,2,8,7124176,8066803,1778834100,818005231
462918875,3,223,2,8,7124176,8066928,1778834100,944724257
462919000,3,223,2,8,7124176,8067053,1778834101,72626901
462919125,3,223,2,8,7124176,8067178,1778834101,194468967
462919250,3,223,2,8,7124176,8067303,1778834101,319600193
462919375,3,223,2,8,7124176,8067428,1778834101,443774360
462919500,3,223,2,8,7124176,8067553,1778834101,563912440
462919625,3,223,2,8,7124176,8067678,1778834101,694506183
462919750,3,223,2,8,7124176,8067803,1778834101,817819582
462919875,3,223,2,8,7124176,8067928,1778834101,944679178
462920000,3,223,2,8,7124176,8068053,1778834102,74835894
462920125,3,223,2,8,7124176,8068178,1778834102,192734559
462920250,3,223,2,8,7124176,8068303,1778834102,317287897
462920375,3,223,2,8,7124176,8068428,1778834102,439629417
462920500,3,223,2,8,7124176,8068553,1778834102,568471711
462920625,3,223,2,8,7124176,8068678,1778834102,691641924
462920750,3,223,2,8,7124176,8068803,1778834102,815726136
462920875,3,223,2,8,7124176,8068928,1778834102,941712125
462921000,3,223,2,8,7124176,8069053,1778834103,70662728
462921125,3,223,2,8,7124176,8069178,1778834103,192393829
462921250,3,223,2,8,7124176,8069303,1778834103,317684018
462921375,3,223,2,8,7124176,8069428,1778834103,443856465
462921500,3,223,2,8,7124176,8069553,1778834103,566646075
462921625,3,223,2,8,7124176,8069678,1778834103,691693730
462921750,3,223,2,8,7124176,8069803,1778834103,816447733
462921875,3,223,2,8,7124176,8069928,1778834103,941460075
462922000,3,223,2,8,7124176,8070053,1778834104,70808593
462922125,3,223,2,8,7124176,8070178,1778834104,192741851
462922250,3,223,2,8,7124176,8070303,1778834104,315585536
462922375,3,223,2,8,7124176,8070428,1778834104,443895489
462922500,3,223,2,8,7124176,8070553,1778834104,569007467
462922625,3,223,2,8,7124176,8070678,1778834104,692353309
462922750,3,223,2,8,7124176,8070803,1778834104,818527369
462922875,3,223,2,8,7124176,8070928,1778834104,942523164
462923000,3,223,2,8,7124176,8071053,1778834105,72234780
462923125,3,223,2,8,7124176,8071178,1778834105,187826373
462923250,3,223,2,8,7124176,8071303,1778834105,316610711
462923375,3,223,2,8,7124176,8071428,1778834105,442263466
462923500,3,223,2,8,7124176,8071553,1778834105,567087908
462923625,3,223,2,8,7124176,8071678,1778834105,691796245
462923750,3,223,2,8,7124176,8071803,1778834105,816559945
462923875,3,223,2,8,7124176,8071928,1778834105,941519695
462924000,3,223,2,8,7124176,8072053,1778834106,66304163
462924125,3,223,2,8,7124176,8072178,1778834106,191209508
462924250,3,223,2,8,7124176,8072303,1778834106,317607742
462924375,3,223,2,8,7124176,8072428,1778834106,442190781
462924500,3,223,2,8,7124176,8072553,1778834106,565340156
462924625,3,223,2,8,7124176,8072678,1778834106,689234101
462924750,3,223,2,8,7124176,8072803,1778834106,813570193
462924875,3,223,2,8,7124176,8072928,1778834106,937066231
462925000,3,223,2,8,7124176,8073053,1778834107,70231353
462925125,3,223,2,8,7124176,8073178,1778834107,192354203
462925250,3,223,2,8,7124176,8073303,1778834107,316562831
462925375,3,223,2,8,7124176,8073428,1778834107,442232147
462925500,3,223,2,8,7124176,8073553,1778834107,566095462
462925625,3,223,2,8,7124176,8073678,1778834107,691490719
462925750,3,223,2,8,7124176,8073803,1778834107,815634695
462925875,3,223,2,8,7124176,8073928,1778834107,941321691
462926000,3,223,2,8,7124176,8074053,1778834108,71419790
462926125,3,223,2,8,7124176,8074178,1778834108,191294251
462926250,3,223,2,8,7124176,8074303,1778834108,316730605
462926375,3,223,2,8,7124176,8074428,1778834108,439579078
462926500,3,223,2,8,7124176,8074553,1778834108,565123787
462926625,3,223,2,8,7124176,8074678,1778834108,690280521
462926750,3,223,2,8,7124176,8074803,1778834108,812212935
462926875,3,223,2,8,7124176,8074928,1778834108,940202934
462927000,3,223,2,8,7124176,8075053,1778834109,68897806
462927125,3,223,2,8,7124176,8075178,1778834109,190974820
462927250,3,223,2,8,7124176,8075303,1778834109,316560714
462927375,3,223,2,8,7124176,8075428,1778834109,441438501
462927500,3,223,2,8,7124176,8075553,1778834109,567021578
462927625,3,223,2,8,7124176,8075678,1778834109,687115832
462927750,3,223,2,8,7124176,8075803,1778834109,814034101
462927875,3,223,2,8,7124176,8075928,1778834109,941916429
462928000,3,223,2,8,7124176,8076053,1778834110,71921623
462928125,3,223,2,8,7124176,8076178,1778834110,193113877
462928250,3,223,2,8,7124176,8076303,1778834110,317312189
462928375,3,223,2,8,7124176,8076428,1778834110,441409245
462928500,3,223,2,8,7124176,8076553,1778834110,561995128
462928625,3,223,2,8,7124176,8076678,1778834110,691726529
462928750,3,223,2,8,7124176,8076803,1778834110,816410994
462928875,3,223,2,8,7124176,8076928,1778834110,941970432
462929000,3,223,2,8,7124176,8077053,1778834111,71202336
462929125,3,223,2,8,7124176,8077178,1778834111,191887813
462929250,3,223,2,8,7124176,8077303,1778834111,316308556
462929375,3,223,2,8,7124176,8077428,1778834111,439046683
462929500,3,223,2,8,7124176,8077553,1778834111,567077657
462929625,3,223,2,8,7124176,8077678,1778834111,692238429
462929750,3,223,2,8,7124176,8077803,1778834111,816145572
462929875,3,223,2,8,7124176,8077928,1778834111,941184031
462930000,3,223,2,8,7124176,8078053,1778834112,71958604
462930125,3,223,2,8,7124176,8078178,1778834112,191306784
462930250,3,223,2,8,7124176,8078303,1778834112,316341080
462930375,3,223,2,8,7124176,8078428,1778834112,441042651
462930500,3,223,2,8,7124176,8078553,1778834112,565967132
462930625,3,223,2,8,7124176,8078678,1778834112,691086076
462930750,3,223,2,8,7124176,8078803,1778834112,813960089
462930875,3,223,2,8,7124176,8078928,1778834112,940827927
462931000,3,223,2,8,7124176,8079053,1778834113,70170211
462931125,3,223,2,8,7124176,8079178,1778834113,191004476
462931250,3,223,2,8,7124176,8079303,1778834113,313815488
462931375,3,223,2,8,7124176,8079428,1778834113,441134650
462931500,3,223,2,8,7124176,8079553,1778834113,565593846
462931625,3,223,2,8,7124176,8079678,1778834113,689982920
462931750,3,223,2,8,7124176,8079803,1778834113,814670474
462931875,3,223,2,8,7124176,8079928,1778834113,941000172
462932000,3,223,2,8,7124176,8080053,1778834114,69233997
462932125,3,223,2,8,7124176,8080178,1778834114,187782589
462932250,3,223,2,8,7124176,8080303,1778834114,318000851
462932375,3,223,2,8,7124176,8080428,1778834114,443965001
462932500,3,223,2,8,7124176,8080553,1778834114,568096192
462932625,3,223,2,8,7124176,8080678,1778834114,692951885
462932750,3,223,2,8,7124176,8080803,1778834114,816539136
462932875,3,223,2,8,7124176,8080928,1778834114,941695882
462933000,3,223,2,8,7124176,8081053,1778834115,67701729
462933125,3,223,2,8,7124176,8081178,1778834115,191546467
462933250,3,223,2,8,7124176,8081303,1778834115,317860540
462933375,3,223,2,8,7124176,8081428,1778834115,444013523
462933500,3,223,2,8,7124176,8081553,1778834115,566814618
462933625,3,223,2,8,7124176,8081678,1778834115,691696964
462933750,3,223,2,8,7124176,8081803,1778834115,815891239
462933875,3,223,2,8,7124176,8081928,1778834115,937851614
462934000,3,223,2,8,7124176,8082053,1778834116,70592372
462934125,3,223,2,8,7124176,8082178,1778834116,192763171
462934250,3,223,2,8,7124176,8082303,1778834116,316481233
462934375,3,223,2,8,7124176,8082428,1778834116,440874820
462934500,3,223,2,8,7124176,8082553,1778834116,565929631
462934625,3,223,2,8,7124176,8082678,1778834116,690933484
462934750,3,223,2,8,7124176,8082803,1778834116,815525476
462934875,3,223,2,8,7124176,8082928,1778834116,943398369
462935000,3,223,2,8,7124176,8083053,1778834117,72973989
462935125,3,223,2,8,7124176,8083178,1778834117,191993567
462935250,3,223,2,8,7124176,8083303,1778834117,318435728
462935375,3,223,2,8,7124176,8083428,1778834117,444448801
462935500,3,223,2,8,7124176,8083553,1778834117,568943368
462935625,3,223,2,8,7124176,8083678,1778834117,693616594
462935750,3,223,2,8,7124176,8083803,1778834117,814357356
462935875,3,223,2,8,7124176,8083928,1778834117,942942993
462936000,3,223,2,8,7124176,8084053,1778834118,70815831
462936125,3,223,2,8,7124176,8084178,1778834118,191402383
462936250,3,223,2,8,7124176,8084303,1778834118,316972750
462936375,3,223,2,8,7124176,8084428,1778834118,443544583
462936500,3,223,2,8,7124176,8084553,1778834118,567958909
462936625,3,223,2,8,7124176,8084678,1778834118,688573932
462936750,3,223,2,8,7124176,8084803,1778834118,815685455
462936875,3,223,2,8,7124176,8084928,1778834118,941467387
462937000,3,223,2,8,7124176,8085053,1778834119,71375560
462937125,3,223,2,8,7124176,8085178,1778834119,192848891
462937250,3,223,2,8,7124176,8085303,1778834119,317428804
462937375,3,223,2,8,7124176,8085428,1778834119,442787317
462937500,3,223,2,8,7124176,8085553,1778834119,564168114
462937625,3,223,2,8,7124176,8085678,1778834119,691681802
462937750,3,223,2,8,7124176,8085803,1778834119,815705641
462937875,3,223,2,8,7124176,8085928,1778834119,942688999
462938000,3,223,2,8,7124176,8086053,1778834120,72189102
462938125,3,223,2,8,7124176,8086178,1778834120,193192040
462938250,3,223,2,8,7124176,8086303,1778834120,318181517
462938375,3,223,2,8,7124176,8086428,1778834120,441234271
462938500,3,223,2,8,7124176,8086553,1778834120,568531197
462938625,3,223,2,8,7124176,8086678,1778834120,693585666
462938750,3,223,2,8,7124176,8086803,1778834120,817704670
462938875,3,223,2,8,7124176,8086928,1778834120,943588392
462939000,3,223,2,8,7124176,8087053,1778834121,71439922
462939125,3,223,2,8,7124176,8087178,1778834121,192713738
462939250,3,223,2,8,7124176,8087303,1778834121,317521008
462939375,3,223,2,8,7124176,8087428,1778834121,444260236
462939500,3,223,2,8,7124176,8087553,1778834121,568273405
462939625,3,223,2,8,7124176,8087678,1778834121,693170320
462939750,3,223,2,8,7124176,8087803,1778834121,816534929
462939875,3,223,2,8,7124176,8087928,1778834121,942997746
462940000,3,223,2,8,7124176,8088053,1778834122,73440933
462940125,3,223,2,8,7124176,8088178,1778834122,194388765
462940250,3,223,2,8,7124176,8088303,1778834122,315715516
462940375,3,223,2,8,7124176,8088428,1778834122,443628599
462940500,3,223,2,8,7124176,8088553,1778834122,566511544
462940625,3,223,2,8,7124176,8088678,1778834122,693126340
462940750,3,223,2,8,7124176,8088803,1778834122,816646268
462940875,3,223,2,8,7124176,8088928,1778834122,944151298
462941000,3,223,2,8,7124176,8089053,1778834123,72418536
462941125,3,223,2,8,7124176,8089178,1778834123,189178076
462941250,3,223,2,8,7124176,8089303,1778834123,317612516
462941375,3,223,2,8,7124176,8089428,1778834123,443598419
462941500,3,223,2,8,7124176,8089553,1778834123,568272359
462941625,3,223,2,8,7124176,8089678,1778834123,692613918
462941750,3,223,2,8,7124176,8089803,1778834123,817594378
462941875,3,223,2,8,7124176,8089928,1778834123,943612230
462942000,3,223,2,8,7124176,8090053,1778834124,67967536
462942125,3,223,2,8,7124176,8090178,1778834124,191493337
462942250,3,223,2,8,7124176,8090303,1778834124,317149083
462942375,3,223,2,8,7124176,8090428,1778834124,441590209
462942500,3,223,2,8,7124176,8090553,1778834124,566135037
462942625,3,223,2,8,7124176,8090678,1778834124,690188604
462942750,3,223,2,8,7124176,8090803,1778834124,814058953
462942875,3,223,2,8,7124176,8090928,1778834124,937499450
462943000,3,223,2,8,7124176,8091053,1778834125,69333748
462943125,3,223,2,8,7124176,8091178,1778834125,191234302
462943250,3,223,2,8,7124176,8091303,1778834125,315963655
462943375,3,223,2,8,7124176,8091428,1778834125,441274021
462943500,3,223,2,8,7124176,8091553,1778834125,564507248
462943625,3,223,2,8,7124176,8091678,1778834125,690358183
462943750,3,223,2,8,7124176,8091803,1778834125,814363839
462943875,3,223,2,8,7124176,8091928,1778834125,941453673
462944000,3,223,2,8,7124176,8092053,1778834126,69090105
462944125,3,223,2,8,7124176,8092178,1778834126,190331803
462944250,3,223,2,8,7124176,8092303,1778834126,315455926
462944375,3,223,2,8,7124176,8092428,1778834126,441433118
462944500,3,223,2,8,7124176,8092553,1778834126,565987967
462944625,3,223,2,8,7124176,8092678,1778834126,692088754
462944750,3,223,2,8,7124176,8092803,1778834126,813116832
462944875,3,223,2,8,7124176,8092928,1778834126,942255939
462945000,3,223,2,8,7124176,8093053,1778834127,71043764
462945125,3,223,2,8,7124176,8093178,1778834127,191149944
462945250,3,223,2,8,7124176,8093303,1778834127,317163952
462945375,3,223,2,8,7124176,8093428,1778834127,442825176
462945500,3,223,2,8,7124176,8093553,1778834127,565792746
462945625,3,223,2,8,7124176,8093678,1778834127,686122238
462945750,3,223,2,8,7124176,8093803,1778834127,813691302
462945875,3,223,2,8,7124176,8093928,1778834127,940065309
462946000,3,223,2,8,7124176,8094053,1778834128,70581102
462946125,3,223,2,8,7124176,8094178,1778834128,192212755
462946250,3,223,2,8,7124176,8094303,1778834128,316168638
462946375,3,223,2,8,7124176,8094428,1778834128,441023175
462946500,3,223,2,8,7124176,8094553,1778834128,561144559
462946625,3,223,2,8,7124176,8094678,1778834128,691772356
462946750,3,223,2,8,7124176,8094803,1778834128,815587919
462946875,3,223,2,8,7124176,8094928,1778834128,943137008
462947000,3,223,2,8,7124176,8095053,1778834129,71248416
462947125,3,223,2,8,7124176,8095178,1778834129,191128349
462947250,3,223,2,8,7124176,8095303,1778834129,315592586
462947375,3,223,2,8,7124176,8095428,1778834129,439196084
462947500,3,223,2,8,7124176,8095553,1778834129,568560209
462947625,3,223,2,8,7124176,8095678,1778834129,692269454
462947750,3,223,2,8,7124176,8095803,1778834129,815962620
462947875,3,223,2,8,7124176,8095928,1778834129,942207468
462948000,3,223,2,8,7124176,8096053,1778834130,71291014
462948125,3,223,2,8,7124176,8096178,1778834130,192785294
462948250,3,223,2,8,7124176,8096303,1778834130,317629605
462948375,3,223,2,8,7124176,8096428,1778834130,444034019
462948500,3,223,2,8,7124176,8096553,1778834130,566866898
462948625,3,223,2,8,7124176,8096678,1778834130,690347096
462948750,3,223,2,8,7124176,8096803,1778834130,813772317
462948875,3,223,2,8,7124176,8096928,1778834130,940844717
462949000,3,223,2,8,7124176,8097053,1778834131,71069693
462949125,3,223,2,8,7124176,8097178,1778834131,191688991
462949250,3,223,2,8,7124176,8097303,1778834131,314178537
462949375,3,223,2,8,7124176,8097428,1778834131,441888628
462949500,3,223,2,8,7124176,8097553,1778834131,565159685
462949625,3,223,2,8,7124176,8097678,1778834131,691070648
462949750,3,223,2,8,7124176,8097803,1778834131,814852242
462949875,3,223,2,8,7124176,8097928,1778834131,942200463
462950000,3,223,2,8,7124176,8098053,1778834132,71932408
462950125,3,223,2,8,7124176,8098178,1778834132,188399715
462950250,3,223,2,8,7124176,8098303,1778834132,315809232
462950375,3,223,2,8,7124176,8098428,1778834132,440923017
462950500,3,223,2,8,7124176,8098553,1778834132,565916086
462950625,3,223,2,8,7124176,8098678,1778834132,690907822
462950750,3,223,2,8,7124176,8098803,1778834132,814530746
462950875,3,223,2,8,7124176,8098928,1778834132,940868656
462951000,3,223,2,8,7124176,8099053,1778834133,64683006
462951125,3,223,2,8,7124176,8099178,1778834133,190371838
462951250,3,223,2,8,7124176,8099303,1778834133,314995274
462951375,3,223,2,8,7124176,8099428,1778834133,441097017
462951500,3,223,2,8,7124176,8099553,1778834133,565006658
462951625,3,223,2,8,7124176,8099678,1778834133,690150716
462951750,3,223,2,8,7124176,8099803,1778834133,813422827
462951875,3,223,2,8,7124176,8099928,1778834133,937095903
462952000,3,223,2,8,7124176,8100053,1778834134,70279161
462952125,3,223,2,8,7124176,8100178,1778834134,191865319
462952250,3,223,2,8,7124176,8100303,1778834134,315666380
462952375,3,223,2,8,7124176,8100428,1778834134,440474416
462952500,3,223,2,8,7124176,8100553,1778834134,566055695
462952625,3,223,2,8,7124176,8100678,1778834134,692315462
462952750,3,223,2,8,7124176,8100803,1778834134,816590925
462952875,3,223,2,8,7124176,8100928,1778834134,943486563
462953000,3,223,2,8,7124176,8101053,1778834135,70388544
462953125,3,223,2,8,7124176,8101178,1778834135,191584825
462953250,3,223,2,8,7124176,8101303,1778834135,315532171
462953375,3,223,2,8,7124176,8101428,1778834135,441631454
462953500,3,223,2,8,7124176,8101553,1778834135,565794459
462953625,3,223,2,8,7124176,8101678,1778834135,691734681
462953750,3,223,2,8,7124176,8101803,1778834135,812741221
462953875,3,223,2,8,7124176,8101928,1778834135,939900581
462954000,3,223,2,8,7124176,8102053,1778834136,68520901
462954125,3,223,2,8,7124176,8102178,1778834136,190136394
462954250,3,223,2,8,7124176,8102303,1778834136,315438931
462954375,3,223,2,8,7124176,8102428,1778834136,441601295
462954500,3,223,2,8,7124176,8102553,1778834136,564433057
462954625,3,223,2,8,7124176,8102678,1778834136,685341082
462954750,3,223,2,8,7124176,8102803,1778834136,813226263
462954875,3,223,2,8,7124176,8102928,1778834136,940264910
462955000,3,223,2,8,7124176,8103053,1778834137,71446158
462955125,3,223,2,8,7124176,8103178,1778834137,190388030
462955250,3,223,2,8,7124176,8103303,1778834137,315677451
462955375,3,223,2,8,7124176,8103428,1778834137,440846412
462955500,3,223,2,8,7124176,8103553,1778834137,561733004
462955625,3,223,2,8,7124176,8103678,1778834137,690475573
462955750,3,223,2,8,7124176,8103803,1778834137,814723531
462955875,3,223,2,8,7124176,8103928,1778834137,941854529
462956000,3,223,2,8,7124176,8104053,1778834138,69496921
462956125,3,223,2,8,7124176,8104178,1778834138,190274709
462956250,3,223,2,8,7124176,8104303,1778834138,316254507
462956375,3,223,2,8,7124176,8104428,1778834138,437109823
462956500,3,223,2,8,7124176,8104553,1778834138,566393914
462956625,3,223,2,8,7124176,8104678,1778834138,691356243
462956750,3,223,2,8,7124176,8104803,1778834138,815205933
462956875,3,223,2,8,7124176,8104928,1778834138,940547987
462957000,3,223,2,8,7124176,8105053,1778834139,69670499
462957125,3,223,2,8,7124176,8105178,1778834139,190037638
462957250,3,223,2,8,7124176,8105303,1778834139,315276829
462957375,3,223,2,8,7124176,8105428,1778834139,441497912
462957500,3,223,2,8,7124176,8105553,1778834139,566198958
462957625,3,223,2,8,7124176,8105678,1778834139,689426532
462957750,3,223,2,8,7124176,8105803,1778834139,813088790
462957875,3,223,2,8,7124176,8105928,1778834139,939474578
462958000,3,223,2,8,7124176,8106053,1778834140,69642729
462958125,3,223,2,8,7124176,8106178,1778834140,191181559
462958250,3,223,2,8,7124176,8106303,1778834140,313478540
462958375,3,223,2,8,7124176,8106428,1778834140,441295077
462958500,3,223,2,8,7124176,8106553,1778834140,564284237
462958625,3,223,2,8,7124176,8106678,1778834140,690155980
462958750,3,223,2,8,7124176,8106803,1778834140,814101146
462958875,3,223,2,8,7124176,8106928,1778834140,941864507
462959000,3,223,2,8,7124176,8107053,1778834141,68424220
462959125,3,223,2,8,7124176,8107178,1778834141,185432194
462959250,3,223,2,8,7124176,8107303,1778834141,314233699
462959375,3,223,2,8,7124176,8107428,1778834141,439881354
462959500,3,223,2,8,7124176,8107553,1778834141,565401920
462959625,3,223,2,8,7124176,8107678,1778834141,690112283
462959750,3,223,2,8,7124176,8107803,1778834141,813423897
462959875,3,223,2,8,7124176,8107928,1778834141,939133309
462960000,3,223,2,8,7124176,8108053,1778834142,64806094
462960125,3,223,2,8,7124176,8108178,1778834142,188381814
462960250,3,223,2,8,7124176,8108303,1778834142,314095841
462960375,3,223,2,8,7124176,8108428,1778834142,440294840
462960500,3,223,2,8,7124176,8108553,1778834142,563368620
462960625,3,223,2,8,7124176,8108678,1778834142,688547521
462960750,3,223,2,8,7124176,8108803,1778834142,811864104
462960875,3,223,2,8,7124176,8108928,1778834142,935364093
462961000,3,223,2,8,7124176,8109053,1778834143,69074299
462961125,3,223,2,8,7124176,8109178,1778834143,189830300
462961250,3,223,2,8,7124176,8109303,1778834143,314413120
462961375,3,223,2,8,7124176,8109428,1778834143,439432542
462961500,3,223,2,8,7124176,8109553,1778834143,565170553
462961625,3,223,2,8,7124176,8109678,1778834143,689747100
462961750,3,223,2,8,7124176,8109803,1778834143,812885460
462961875,3,223,2,8,7124176,8109928,1778834143,940174540
462962000,3,223,2,8,7124176,8110053,1778834144,68375161
462962125,3,223,2,8,7124176,8110178,1778834144,190282166
462962250,3,223,2,8,7124176,8110303,1778834144,314180440
462962375,3,223,2,8,7124176,8110428,1778834144,438884095
462962500,3,223,2,8,7124176,8110553,1778834144,566170397
462962625,3,223,2,8,7124176,8110678,1778834144,689637437
462962750,3,223,2,8,7124176,8110803,1778834144,811828799
462962875,3,223,2,8,7124176,8110928,1778834144,939283096
462963000,3,223,2,8,7124176,8111053,1778834145,68980492
462963125,3,223,2,8,7124176,8111178,1778834145,187959724
462963250,3,223,2,8,7124176,8111303,1778834145,313159571
462963375,3,223,2,8,7124176,8111428,1778834145,438938257
462963500,3,223,2,8,7124176,8111553,1778834145,562735258
462963625,3,223,2,8,7124176,8111678,1778834145,683746464
462963750,3,223,2,8,7124176,8111803,1778834145,811796832
462963875,3,223,2,8,7124176,8111928,1778834145,936646674
462964000,3,223,2,8,7124176,8112053,1778834146,67643052
462964125,3,223,2,8,7124176,8112178,1778834146,192165477
462964250,3,223,2,8,7124176,8112303,1778834146,314720277
462964375,3,223,2,8,7124176,8112428,1778834146,439604338
462964500,3,223,2,8,7124176,8112553,1778834146,559792343
462964625,3,223,2,8,7124176,8112678,1778834146,689545928
462964750,3,223,2,8,7124176,8112803,1778834146,814378930
462964875,3,223,2,8,7124176,8112928,1778834146,940893786
462965000,3,223,2,8,7124176,8113053,1778834147,70703655
462965125,3,223,2,8,7124176,8113178,1778834147,190220894
462965250,3,223,2,8,7124176,8113303,1778834147,314755360
462965375,3,223,2,8,7124176,8113428,1778834147,438123659
462965500,3,223,2,8,7124176,8113553,1778834147,565981072
462965625,3,223,2,8,7124176,8113678,1778834147,691105186
462965750,3,223,2,8,7124176,8113803,1778834147,814924224
462965875,3,223,2,8,7124176,8113928,1778834147,939989905
462966000,3,223,2,8,7124176,8114053,1778834148,68988388
462966125,3,223,2,8,7124176,8114178,1778834148,191068094
462966250,3,223,2,8,7124176,8114303,1778834148,315172987
462966375,3,223,2,8,7124176,8114428,1778834148,442002649
462966500,3,223,2,8,7124176,8114553,1778834148,565896078
462966625,3,223,2,8,7124176,8114678,1778834148,689738626
462966750,3,223,2,8,7124176,8114803,1778834148,813650942
462966875,3,223,2,8,7124176,8114928,1778834148,939895541
462967000,3,223,2,8,7124176,8115053,1778834149,69198267
462967125,3,223,2,8,7124176,8115178,1778834149,191670654
462967250,3,223,2,8,7124176,8115303,1778834149,312679079
462967375,3,223,2,8,7124176,8115428,1778834149,440191176
462967500,3,223,2,8,7124176,8115553,1778834149,565957293
462967625,3,223,2,8,7124176,8115678,1778834149,688933735
462967750,3,223,2,8,7124176,8115803,1778834149,811665503
462967875,3,223,2,8,7124176,8115928,1778834149,938448342
462968000,3,223,2,8,7124176,8116053,1778834150,67059736
462968125,3,223,2,8,7124176,8116178,1778834150,183987133
462968250,3,223,2,8,7124176,8116303,1778834150,313694343
462968375,3,223,2,8,7124176,8116428,1778834150,437948737
462968500,3,223,2,8,7124176,8116553,1778834150,564471803
462968625,3,223,2,8,7124176,8116678,1778834150,688814915
462968750,3,223,2,8,7124176,8116803,1778834150,811725005
462968875,3,223,2,8,7124176,8116928,1778834150,936767393
462969000,3,223,2,8,7124176,8117053,1778834151,62764643
462969125,3,223,2,8,7124176,8117178,1778834151,189119634
462969250,3,223,2,8,7124176,8117303,1778834151,313649518
462969375,3,223,2,8,7124176,8117428,1778834151,439436681
