version,reserved0,refStationId,iTow,relPosN,relPosE,relPosD,relPosLength,relPosHeading,reserved1,relPosHPN,relPosHPE,relPosHPD,relPosHPLength,accN,accE,accD,accLength,accHeading,reserved2,flags,bag_t.secs,bag_t.nsecs
1,0,0,462851625,0,0,0,0,0,0,0,0,0,0,0,0,0,0,0,0,3,1778834033,694751926
1,0,0,462851750,0,0,0,0,0,0,0,0,0,0,0,0,0,0,0,0,3,1778834033,819506808
1,0,0,462851875,0,0,0,0,0,0,0,0,0,0,0,0,0,0,0,0,3,1778834033,943714517
1,0,0,462852000,0,0,0,0,0,0,0,0,0,0,0,0,0,0,0,0,3,1778834034,69361101
1,0,0,462852125,0,0,0,0,0,0,0,0,0,0,0,0,0,0,0,0,3,1778834034,193899153
1,0,0,462852250,0,0,0,0,0,0,0,0,0,0,0,0,0,0,0,0,3,1778834034,319945143
1,0,0,462852375,0,0,0,0,0,0,0,0,0,0,0,0,0,0,0,0,3,1778834034,444942736
1,0,0,462852500,0,0,0,0,0,0,0,0,0,0,0,0,0,0,0,0,3,1778834034,570705202
1,0,0,462852625,0,0,0,0,0,0,0,0,0,0,0,0,0,0,0,0,3,1778834034,694456000
1,0,0,462852750,0,0,0,0,0,0,0,0,0,0,0,0,0,0,0,0,3,1778834034,819418074
1,0,0,462852875,0,0,0,0,0,0,0,0,0,0,0,0,0,0,0,0,3,1778834034,941644856
1,0,0,462853000,0,0,0,0,0,0,0,0,0,0,0,0,0,0,0,0,3,1778834035,75321756
1,0,0,462853125,0,0,0,0,0,0,0,0,0,0,0,0,0,0,0,0,3,1778834035,195551692
1,0,0,462853250,0,0,0,0,0,0,0,0,0,0,0,0,0,0,0,0,3,1778834035,320656097
1,0,0,462853375,0,0,0,0,0,0,0,0,0,0,0,0,0,0,0,0,3,1778834035,444848290
1,0,0,462853500,0,0,0,0,0,0,0,0,0,0,0,0,0,0,0,0,3,1778834035,570346052
1,0,0,462853625,0,0,0,0,0,0,0,0,0,0,0,0,0,0,0,0,3,1778834035,695822916
1,0,0,462853750,0,0,0,0,0,0,0,0,0,0,0,0,0,0,0,0,3,1778834035,818806402
1,0,0,462853875,0,0,0,0,0,0,0,0,0,0,0,0,0,0,0,0,3,1778834035,942789998
1,0,0,462854000,0,0,0,0,0,0,0,0,0,0,0,0,0,0,0,0,3,1778834036,73336324
1,0,0,462854125,0,0,0,0,0,0,0,0,0,0,0,0,0,0,0,0,3,1778834036,194577330
1,0,0,462854250,0,0,0,0,0,0,0,0,0,0,0,0,0,0,0,0,3,1778834036,319744383
1,0,0,462854375,0,0,0,0,0,0,0,0,0,0,0,0,0,0,0,0,3,1778834036,443787726
1,0,0,462854500,0,0,0,0,0,0,0,0,0,0,0,0,0,0,0,0,3,1778834036,569705312
1,0,0,462854625,0,0,0,0,0,0,0,0,0,0,0,0,0,0,0,0,3,1778834036,694639796
1,0,0,462854750,0,0,0,0,0,0,0,0,0,0,0,0,0,0,0,0,3,1778834036,816911116
1,0,0,462854875,0,0,0,0,0,0,0,0,0,0,0,0,0,0,0,0,3,1778834036,943752341
1,0,0,462855000,0,0,0,0,0,0,0,0,0,0,0,0,0,0,0,0,3,1778834037,73471793
1,0,0,462855125,0,0,0,0,0,0,0,0,0,0,0,0,0,0,0,0,3,1778834037,193432763
1,0,0,462855250,0,0,0,0,0,0,0,0,0,0,0,0,0,0,0,0,3,1778834037,319935363
1,0,0,462855375,0,0,0,0,0,0,0,0,0,0,0,0,0,0,0,0,3,1778834037,443802945
1,0,0,462855500,0,0,0,0,0,0,0,0,0,0,0,0,0,0,0,0,3,1778834037,568653467
1,0,0,462855625,0,0,0,0,0,0,0,0,0,0,0,0,0,0,0,0,3,1778834037,689630478
1,0,0,462855750,0,0,0,0,0,0,0,0,0,0,0,0,0,0,0,0,3,1778834037,818651189
1,0,0,462855875,0,0,0,0,0,0,0,0,0,0,0,0,0,0,0,0,3,1778834037,944888710
1,0,0,462856000,0,0,0,0,0,0,0,0,0,0,0,0,0,0,0,0,3,1778834038,74933398
1,0,0,462856125,0,0,0,0,0,0,0,0,0,0,0,0,0,0,0,0,3,1778834038,194983862
1,0,0,462856250,0,0,0,0,0,0,0,0,0,0,0,0,0,0,0,0,3,1778834038,319365151
1,0,0,462856375,0,0,0,0,0,0,0,0,0,0,0,0,0,0,0,0,3,1778834038,442876687
1,0,0,462856500,0,0,0,0,0,0,0,0,0,0,0,0,0,0,0,0,3,1778834038,564590149
1,0,0,462856625,0,0,0,0,0,0,0,0,0,0,0,0,0,0,0,0,3,1778834038,693921546
1,0,0,462856750,0,0,0,0,0,0,0,0,0,0,0,0,0,0,0,0,3,1778834038,819347389
1,0,0,462856875,0,0,0,0,0,0,0,0,0,0,0,0,0,0,0,0,3,1778834038,944334936
1,0,0,462857000,0,0,0,0,0,0,0,0,0,0,0,0,0,0,0,0,3,1778834039,73590709
1,0,0,462857125,0,0,0,0,0,0,0,0,0,0,0,0,0,0,0,0,3,1778834039,193329399
1,0,0,462857250,0,0,0,0,0,0,0,0,0,0,0,0,0,0,0,0,3,1778834039,319355203
1,0,0,462857375,0,0,0,0,0,0,0,0,0,0,0,0,0,0,0,0,3,1778834039,441448555
1,0,0,462857500,0,0,0,0,0,0,0,0,0,0,0,0,0,0,0,0,3,1778834039,569888046
1,0,0,462857625,0,0,0,0,0,0,0,0,0,0,0,0,0,0,0,0,3,1778834039,693677708
1,0,0,462857750,0,0,0,0,0,0,0,0,0,0,0,0,0,0,0,0,3,1778834039,817733336
1,0,0,462857875,0,0,0,0,0,0,0,0,0,0,0,0,0,0,0,0,3,1778834039,941939941
1,0,0,462858000,0,0,0,0,0,0,0,0,0,0,0,0,0,0,0,0,3,1778834040,71920221
1,0,0,462858125,0,0,0,0,0,0,0,0,0,0,0,0,0,0,0,0,3,1778834040,193410702
1,0,0,462858250,0,0,0,0,0,0,0,0,0,0,0,0,0,0,0,0,3,1778834040,319187048
1,0,0,462858375,0,0,0,0,0,0,0,0,0,0,0,0,0,0,0,0,3,1778834040,444603029
1,0,0,462858500,0,0,0,0,0,0,0,0,0,0,0,0,0,0,0,0,3,1778834040,569770952
1,0,0,462858625,0,0,0,0,0,0,0,0,0,0,0,0,0,0,0,0,3,1778834040,693656370
1,0,0,462858750,0,0,0,0,0,0,0,0,0,0,0,0,0,0,0,0,3,1778834040,818728847
1,0,0,462858875,0,0,0,0,0,0,0,0,0,0,0,0,0,0,0,0,3,1778834040,944630692
1,0,0,462859000,0,0,0,0,0,0,0,0,0,0,0,0,0,0,0,0,3,1778834041,74856686
1,0,0,462859125,0,0,0,0,0,0,0,0,0,0,0,0,0,0,0,0,3,1778834041,194599913
1,0,0,462859250,0,0,0,0,0,0,0,0,0,0,0,0,0,0,0,0,3,1778834041,317436872
1,0,0,462859375,0,0,0,0,0,0,0,0,0,0,0,0,0,0,0,0,3,1778834041,444197609
1,0,0,462859500,0,0,0,0,0,0,0,0,0,0,0,0,0,0,0,0,3,1778834041,568904308
1,0,0,462859625,0,0,0,0,0,0,0,0,0,0,0,0,0,0,0,0,3,1778834041,693380564
1,0,0,462859750,0,0,0,0,0,0,0,0,0,0,0,0,0,0,0,0,3,1778834041,817806413
1,0,0,462859875,0,0,0,0,0,0,0,0,0,0,0,0,0,0,0,0,3,1778834041,942784480
1,0,0,462860000,0,0,0,0,0,0,0,0,0,0,0,0,0,0,0,0,3,1778834042,74009714
1,0,0,462860125,0,0,0,0,0,0,0,0,0,0,0,0,0,0,0,0,3,1778834042,189464351
1,0,0,462860250,0,0,0,0,0,0,0,0,0,0,0,0,0,0,0,0,3,1778834042,319276918
1,0,0,462860375,0,0,0,0,0,0,0,0,0,0,0,0,0,0,0,0,3,1778834042,442407741
1,0,0,462860500,0,0,0,0,0,0,0,0,0,0,0,0,0,0,0,0,3,1778834042,568596229
1,0,0,462860625,0,0,0,0,0,0,0,0,0,0,0,0,0,0,0,0,3,1778834042,693374613
1,0,0,462860750,0,0,0,0,0,0,0,0,0,0,0,0,0,0,0,0,3,1778834042,818685806
1,0,0,462860875,0,0,0,0,0,0,0,0,0,0,0,0,0,0,0,0,3,1778834042,944614410
1,0,0,462861000,0,0,0,0,0,0,0,0,0,0,0,0,0,0,0,0,3,1778834043,69514496
1,0,0,462861125,0,0,0,0,0,0,0,0,0,0,0,0,0,0,0,0,3,1778834043,194546018
1,0,0,462861250,0,0,0,0,0,0,0,0,0,0,0,0,0,0,0,0,3,1778834043,320619911
1,0,0,462861375,0,0,0,0,0,0,0,0,0,0,0,0,0,0,0,0,3,1778834043,444635055
1,0,0,462861500,0,0,0,0,0,0,0,0,0,0,0,0,0,0,0,0,3,1778834043,569485963
1,0,0,462861625,0,0,0,0,0,0,0,0,0,0,0,0,0,0,0,0,3,1778834043,693410906
1,0,0,462861750,0,0,0,0,0,0,0,0,0,0,0,0,0,0,0,0,3,1778834043,818739717
1,0,0,462861875,0,0,0,0,0,0,0,0,0,0,0,0,0,0,0,0,3,1778834043,940925543
1,0,0,462862000,0,0,0,0,0,0,0,0,0,0,0,0,0,0,0,0,3,1778834044,74424526
1,0,0,462862125,0,0,0,0,0,0,0,0,0,0,0,0,0,0,0,0,3,1778834044,195413382
1,0,0,462862250,0,0,0,0,0,0,0,0,0,0,0,0,0,0,0,0,3,1778834044,320445457
1,0,0,462862375,0,0,0,0,0,0,0,0,0,0,0,0,0,0,0,0,3,1778834044,443682377
1,0,0,462862500,0,0,0,0,0,0,0,0,0,0,0,0,0,0,0,0,3,1778834044,569864368
1,0,0,462862625,0,0,0,0,0,0,0,0,0,0,0,0,0,0,0,0,3,1778834044,693940166
1,0,0,462862750,0,0,0,0,0,0,0,0,0,0,0,0,0,0,0,0,3,1778834044,818493653
1,0,0,462862875,0,0,0,0,0,0,0,0,0,0,0,0,0,0,0,0,3,1778834044,943866349
1,0,0,462863000,0,0,0,0,0,0,0,0,0,0,0,0,0,0,0,0,3,1778834045,72648624
1,0,0,462863125,0,0,0,0,0,0,0,0,0,0,0,0,0,0,0,0,3,1778834045,193292118
1,0,0,462863250,0,0,0,0,0,0,0,0,0,0,0,0,0,0,0,0,3,1778834045,319525546
1,0,0,462863375,0,0,0,0,0,0,0,0,0,0,0,0,0,0,0,0,3,1778834045,441906965
1,0,0,462863500,0,0,0,0,0,0,0,0,0,0,0,0,0,0,0,0,3,1778834045,568196684
1,0,0,462863625,0,0,0,0,0,0,0,0,0,0,0,0,0,0,0,0,3,1778834045,692721336
1,0,0,462863750,0,0,0,0,0,0,0,0,0,0,0,0,0,0,0,0,3,1778834045,815770900
1,0,0,462863875,0,0,0,0,0,0,0,0,0,0,0,0,0,0,0,0,3,1778834045,942601197
1,0,0,462864000,0,0,0,0,0,0,0,0,0,0,0,0,0,0,0,0,3,1778834046,72435288
1,0,0,462864125,0,0,0,0,0,0,0,0,0,0,0,0,0,0,0,0,3,1778834046,192706971
1,0,0,462864250,0,0,0,0,0,0,0,0,0,0,0,0,0,0,0,0,3,1778834046,318873508
1,0,0,462864375,0,0,0,0,0,0,0,0,0,0,0,0,0,0,0,0,3,1778834046,442985612
1,0,0,462864500,0,0,0,0,0,0,0,0,0,0,0,0,0,0,0,0,3,1778834046,568279423
1,0,0,462864625,0,0,0,0,0,0,0,0,0,0,0,0,0,0,0,0,3,1778834046,688913634
1,0,0,462864750,0,0,0,0,0,0,0,0,0,0,0,0,0,0,0,0,3,1778834046,817453681
1,0,0,462864875,0,0,0,0,0,0,0,0,0,0,0,0,0,0,0,0,3,1778834046,942472138
1,0,0,462865000,0,0,0,0,0,0,0,0,0,0,0,0,0,0,0,0,3,1778834047,74599792
1,0,0,462865125,0,0,0,0,0,0,0,0,0,0,0,0,0,0,0,0,3,1778834047,193628759
1,0,0,462865250,0,0,0,0,0,0,0,0,0,0,0,0,0,0,0,0,3,1778834047,320323745
1,0,0,462865375,0,0,0,0,0,0,0,0,0,0,0,0,0,0,0,0,3,1778834047,444737984
1,0,0,462865500,0,0,0,0,0,0,0,0,0,0,0,0,0,0,0,0,3,1778834047,564815273
1,0,0,462865625,0,0,0,0,0,0,0,0,0,0,0,0,0,0,0,0,3,1778834047,693738033
1,0,0,462865750,0,0,0,0,0,0,0,0,0,0,0,0,0,0,0,0,3,1778834047,818784511
1,0,0,462865875,0,0,0,0,0,0,0,0,0,0,0,0,0,0,0,0,3,1778834047,943848492
1,0,0,462866000,0,0,0,0,0,0,0,0,0,0,0,0,0,0,0,0,3,1778834048,73659414
1,0,0,462866125,0,0,0,0,0,0,0,0,0,0,0,0,0,0,0,0,3,1778834048,193878629
1,0,0,462866250,0,0,0,0,0,0,0,0,0,0,0,0,0,0,0,0,3,1778834048,318865695
1,0,0,462866374,0,0,0,0,0,0,0,0,0,0,0,0,0,0,0,0,3,1778834048,440925994
1,0,0,462866499,0,0,0,0,0,0,0,0,0,0,0,0,0,0,0,0,3,1778834048,570385907
1,0,0,462866624,0,0,0,0,0,0,0,0,0,0,0,0,0,0,0,0,3,1778834048,694036636
1,0,0,462866749,0,0,0,0,0,0,0,0,0,0,0,0,0,0,0,0,3,1778834048,818293506
1,0,0,462866874,0,0,0,0,0,0,0,0,0,0,0,0,0,0,0,0,3,1778834048,942597762
1,0,0,462866999,0,0,0,0,0,0,0,0,0,0,0,0,0,0,0,0,3,1778834049,72462083
1,0,0,462867124,0,0,0,0,0,0,0,0,0,0,0,0,0,0,0,0,3,1778834049,193279473
1,0,0,462867249,0,0,0,0,0,0,0,0,0,0,0,0,0,0,0,0,3,1778834049,319372508
1,0,0,462867375,0,0,0,0,0,0,0,0,0,0,0,0,0,0,0,0,3,1778834049,446817236
1,0,0,462867500,0,0,0,0,0,0,0,0,0,0,0,0,0,0,0,0,3,1778834049,570380122
1,0,0,462867625,0,0,0,0,0,0,0,0,0,0,0,0,0,0,0,0,3,1778834049,695390154
1,0,0,462867750,0,0,0,0,0,0,0,0,0,0,0,0,0,0,0,0,3,1778834049,818857594
1,0,0,462867875,0,0,0,0,0,0,0,0,0,0,0,0,0,0,0,0,3,1778834049,944784002
1,0,0,462868000,0,0,0,0,0,0,0,0,0,0,0,0,0,0,0,0,3,1778834050,74792322
1,0,0,462868125,0,0,0,0,0,0,0,0,0,0,0,0,0,0,0,0,3,1778834050,195836798
1,0,0,462868250,0,0,0,0,0,0,0,0,0,0,0,0,0,0,0,0,3,1778834050,317952890
1,0,0,462868375,0,0,0,0,0,0,0,0,0,0,0,0,0,0,0,0,3,1778834050,444903098
1,0,0,462868500,0,0,0,0,0,0,0,0,0,0,0,0,0,0,0,0,3,1778834050,569788147
1,0,0,462868625,0,0,0,0,0,0,0,0,0,0,0,0,0,0,0,0,3,1778834050,695542305
1,0,0,462868750,0,0,0,0,0,0,0,0,0,0,0,0,0,0,0,0,3,1778834050,818722233
1,0,0,462868875,0,0,0,0,0,0,0,0,0,0,0,0,0,0,0,0,3,1778834050,945522277
1,0,0,462869000,0,0,0,0,0,0,0,0,0,0,0,0,0,0,0,0,3,1778834051,74474206
1,0,0,462869125,0,0,0,0,0,0,0,0,0,0,0,0,0,0,0,0,3,1778834051,191604851
1,0,0,462869250,0,0,0,0,0,0,0,0,0,0,0,0,0,0,0,0,3,1778834051,319462402
1,0,0,462869375,0,0,0,0,0,0,0,0,0,0,0,0,0,0,0,0,3,1778834051,444707274
1,0,0,462869500,0,0,0,0,0,0,0,0,0,0,0,0,0,0,0,0,3,1778834051,570377325
1,0,0,462869625,0,0,0,0,0,0,0,0,0,0,0,0,0,0,0,0,3,1778834051,696571954
1,0,0,462869750,0,0,0,0,0,0,0,0,0,0,0,0,0,0,0,0,3,1778834051,818734897
1,0,0,462869875,0,0,0,0,0,0,0,0,0,0,0,0,0,0,0,0,3,1778834051,944610959
1,0,0,462870000,0,0,0,0,0,0,0,0,0,0,0,0,0,0,0,0,3,1778834052,70492477
1,0,0,462870125,0,0,0,0,0,0,0,0,0,0,0,0,0,0,0,0,3,1778834052,195524669
1,0,0,462870250,0,0,0,0,0,0,0,0,0,0,0,0,0,0,0,0,3,1778834052,319980195
1,0,0,462870375,0,0,0,0,0,0,0,0,0,0,0,0,0,0,0,0,3,1778834052,446772462
1,0,0,462870500,0,0,0,0,0,0,0,0,0,0,0,0,0,0,0,0,3,1778834052,570095617
1,0,0,462870625,0,0,0,0,0,0,0,0,0,0,0,0,0,0,0,0,3,1778834052,695248217
1,0,0,462870750,0,0,0,0,0,0,0,0,0,0,0,0,0,0,0,0,3,1778834052,818490455
1,0,0,462870875,0,0,0,0,0,0,0,0,0,0,0,0,0,0,0,0,3,1778834052,941959035
1,0,0,462871000,0,0,0,0,0,0,0,0,0,0,0,0,0,0,0,0,3,1778834053,73780806
1,0,0,462871125,0,0,0,0,0,0,0,0,0,0,0,0,0,0,0,0,3,1778834053,196508900
1,0,0,462871250,0,0,0,0,0,0,0,0,0,0,0,0,0,0,0,0,3,1778834053,320905418
1,0,0,462871375,0,0,0,0,0,0,0,0,0,0,0,0,0,0,0,0,3,1778834053,445607801
1,0,0,462871500,0,0,0,0,0,0,0,0,0,0,0,0,0,0,0,0,3,1778834053,569395647
1,0,0,462871625,0,0,0,0,0,0,0,0,0,0,0,0,0,0,0,0,3,1778834053,694796810
1,0,0,462871750,0,0,0,0,0,0,0,0,0,0,0,0,0,0,0,0,3,1778834053,817667874
1,0,0,462871875,0,0,0,0,0,0,0,0,0,0,0,0,0,0,0,0,3,1778834053,942931738
1,0,0,462872000,0,0,0,0,0,0,0,0,0,0,0,0,0,0,0,0,3,1778834054,73403932
1,0,0,462872125,0,0,0,0,0,0,0,0,0,0,0,0,0,0,0,0,3,1778834054,195871344
1,0,0,462872250,0,0,0,0,0,0,0,0,0,0,0,0,0,0,0,0,3,1778834054,321695269
1,0,0,462872375,0,0,0,0,0,0,0,0,0,0,0,0,0,0,0,0,3,1778834054,445885603
1,0,0,462872500,0,0,0,0,0,0,0,0,0,0,0,0,0,0,0,0,3,1778834054,572583001
1,0,0,462872625,0,0,0,0,0,0,0,0,0,0,0,0,0,0,0,0,3,1778834054,697786774
1,0,0,462872750,0,0,0,0,0,0,0,0,0,0,0,0,0,0,0,0,3,1778834054,818616289
1,0,0,462872875,0,0,0,0,0,0,0,0,0,0,0,0,0,0,0,0,3,1778834054,946859433
1,0,0,462873000,0,0,0,0,0,0,0,0,0,0,0,0,0,0,0,0,3,1778834055,75377116
1,0,0,462873125,0,0,0,0,0,0,0,0,0,0,0,0,0,0,0,0,3,1778834055,197330265
1,0,0,462873250,0,0,0,0,0,0,0,0,0,0,0,0,0,0,0,0,3,1778834055,322292615
1,0,0,462873375,0,0,0,0,0,0,0,0,0,0,0,0,0,0,0,0,3,1778834055,447961427
1,0,0,462873500,0,0,0,0,0,0,0,0,0,0,0,0,0,0,0,0,3,1778834055,571715594
1,0,0,462873625,0,0,0,0,0,0,0,0,0,0,0,0,0,0,0,0,3,1778834055,694383575
1,0,0,462873750,0,0,0,0,0,0,0,0,0,0,0,0,0,0,0,0,3,1778834055,820640069
1,0,0,462873875,0,0,0,0,0,0,0,0,0,0,0,0,0,0,0,0,3,1778834055,947644175
1,0,0,462874000,0,0,0,0,0,0,0,0,0,0,0,0,0,0,0,0,3,1778834056,77272663
1,0,0,462874125,0,0,0,0,0,0,0,0,0,0,0,0,0,0,0,0,3,1778834056,197528680
1,0,0,462874250,0,0,0,0,0,0,0,0,0,0,0,0,0,0,0,0,3,1778834056,322284515
1,0,0,462874375,0,0,0,0,0,0,0,0,0,0,0,0,0,0,0,0,3,1778834056,445702841
1,0,0,462874500,0,0,0,0,0,0,0,0,0,0,0,0,0,0,0,0,3,1778834056,566286601
1,0,0,462874625,0,0,0,0,0,0,0,0,0,0,0,0,0,0,0,0,3,1778834056,695311888
1,0,0,462874750,0,0,0,0,0,0,0,0,0,0,0,0,0,0,0,0,3,1778834056,820356580
1,0,0,462874875,0,0,0,0,0,0,0,0,0,0,0,0,0,0,0,0,3,1778834056,945729139
1,0,0,462875000,0,0,0,0,0,0,0,0,0,0,0,0,0,0,0,0,3,1778834057,77251800
1,0,0,462875125,0,0,0,0,0,0,0,0,0,0,0,0,0,0,0,0,3,1778834057,196428534
1,0,0,462875250,0,0,0,0,0,0,0,0,0,0,0,0,0,0,0,0,3,1778834057,321564664
1,0,0,462875375,0,0,0,0,0,0,0,0,0,0,0,0,0,0,0,0,3,1778834057,443774514
1,0,0,462875500,0,0,0,0,0,0,0,0,0,0,0,0,0,0,0,0,3,1778834057,570861279
1,0,0,462875625,0,0,0,0,0,0,0,0,0,0,0,0,0,0,0,0,3,1778834057,697631010
1,0,0,462875750,0,0,0,0,0,0,0,0,0,0,0,0,0,0,0,0,3,1778834057,820431296
1,0,0,462875875,0,0,0,0,0,0,0,0,0,0,0,0,0,0,0,0,3,1778834057,945463452
1,0,0,462876000,0,0,0,0,0,0,0,0,0,0,0,0,0,0,0,0,3,1778834058,75250249
1,0,0,462876125,0,0,0,0,0,0,0,0,0,0,0,0,0,0,0,0,3,1778834058,195341740
1,0,0,462876250,0,0,0,0,0,0,0,0,0,0,0,0,0,0,0,0,3,1778834058,321312305
1,0,0,462876375,0,0,0,0,0,0,0,0,0,0,0,0,0,0,0,0,3,1778834058,447514796
1,0,0,462876500,0,0,0,0,0,0,0,0,0,0,0,0,0,0,0,0,3,1778834058,570710441
1,0,0,462876625,0,0,0,0,0,0,0,0,0,0,0,0,0,0,0,0,3,1778834058,695371962
1,0,0,462876750,0,0,0,0,0,0,0,0,0,0,0,0,0,0,0,0,3,1778834058,819516082
1,0,0,462876875,0,0,0,0,0,0,0,0,0,0,0,0,0,0,0,0,3,1778834058,945460742
1,0,0,462877000,0,0,0,0,0,0,0,0,0,0,0,0,0,0,0,0,3,1778834059,76202145
1,0,0,462877125,0,0,0,0,0,0,0,0,0,0,0,0,0,0,0,0,3,1778834059,197336266
1,0,0,462877250,0,0,0,0,0,0,0,0,0,0,0,0,0,0,0,0,3,1778834059,318692324
1,0,0,462877375,0,0,0,0,0,0,0,0,0,0,0,0,0,0,0,0,3,1778834059,446460917
1,0,0,462877500,0,0,0,0,0,0,0,0,0,0,0,0,0,0,0,0,3,1778834059,571234410
1,0,0,462877625,0,0,0,0,0,0,0,0,0,0,0,0,0,0,0,0,3,1778834059,694924685
1,0,0,462877750,0,0,0,0,0,0,0,0,0,0,0,0,0,0,0,0,3,1778834059,819089820
1,0,0,462877875,0,0,0,0,0,0,0,0,0,0,0,0,0,0,0,0,3,1778834059,946595985
1,0,0,462878000,0,0,0,0,0,0,0,0,0,0,0,0,0,0,0,0,3,1778834060,73477268
1,0,0,462878125,0,0,0,0,0,0,0,0,0,0,0,0,0,0,0,0,3,1778834060,191355462
1,0,0,462878250,0,0,0,0,0,0,0,0,0,0,0,0,0,0,0,0,3,1778834060,319490769
1,0,0,462878375,0,0,0,0,0,0,0,0,0,0,0,0,0,0,0,0,3,1778834060,444474501
1,0,0,462878500,0,0,0,0,0,0,0,0,0,0,0,0,0,0,0,0,3,1778834060,569695778
1,0,0,462878625,0,0,0,0,0,0,0,0,0,0,0,0,0,0,0,0,3,1778834060,695340905
1,0,0,462878750,0,0,0,0,0,0,0,0,0,0,0,0,0,0,0,0,3,1778834060,819221541
1,0,0,462878875,0,0,0,0,0,0,0,0,0,0,0,0,0,0,0,0,3,1778834060,945402196
1,0,0,462879000,0,0,0,0,0,0,0,0,0,0,0,0,0,0,0,0,3,1778834061,69390882
1,0,0,462879125,0,0,0,0,0,0,0,0,0,0,0,0,0,0,0,0,3,1778834061,194963116
1,0,0,462879250,0,0,0,0,0,0,0,0,0,0,0,0,0,0,0,0,3,1778834061,320099728
1,0,0,462879375,0,0,0,0,0,0,0,0,0,0,0,0,0,0,0,0,3,1778834061,446222396
1,0,0,462879500,0,0,0,0,0,0,0,0,0,0,0,0,0,0,0,0,3,1778834061,569548269
1,0,0,462879625,0,0,0,0,0,0,0,0,0,0,0,0,0,0,0,0,3,1778834061,694162463
1,0,0,462879750,0,0,0,0,0,0,0,0,0,0,0,0,0,0,0,0,3,1778834061,817262938
1,0,0,462879875,0,0,0,0,0,0,0,0,0,0,0,0,0,0,0,0,3,1778834061,941235648
1,0,0,462880000,0,0,0,0,0,0,0,0,0,0,0,0,0,0,0,0,3,1778834062,75353413
1,0,0,462880125,0,0,0,0,0,0,0,0,0,0,0,0,0,0,0,0,3,1778834062,195220306
1,0,0,462880250,0,0,0,0,0,0,0,0,0,0,0,0,0,0,0,0,3,1778834062,319376113
1,0,0,462880375,0,0,0,0,0,0,0,0,0,0,0,0,0,0,0,0,3,1778834062,443457331
1,0,0,462880500,0,0,0,0,0,0,0,0,0,0,0,0,0,0,0,0,3,1778834062,568190846
1,0,0,462880625,0,0,0,0,0,0,0,0,0,0,0,0,0,0,0,0,3,1778834062,694072991
1,0,0,462880750,0,0,0,0,0,0,0,0,0,0,0,0,0,0,0,0,3,1778834062,818132996
1,0,0,462880875,0,0,0,0,0,0,0,0,0,0,0,0,0,0,0,0,3,1778834062,945231564
1,0,0,462881000,0,0,0,0,0,0,0,0,0,0,0,0,0,0,0,0,3,1778834063,73364636
1,0,0,462881125,0,0,0,0,0,0,0,0,0,0,0,0,0,0,0,0,3,1778834063,193446353
1,0,0,462881250,0,0,0,0,0,0,0,0,0,0,0,0,0,0,0,0,3,1778834063,319620212
1,0,0,462881375,0,0,0,0,0,0,0,0,0,0,0,0,0,0,0,0,3,1778834063,446822993
1,0,0,462881500,0,0,0,0,0,0,0,0,0,0,0,0,0,0,0,0,3,1778834063,570233512
1,0,0,462881625,0,0,0,0,0,0,0,0,0,0,0,0,0,0,0,0,3,1778834063,696011591
1,0,0,462881750,0,0,0,0,0,0,0,0,0,0,0,0,0,0,0,0,3,1778834063,817873522
1,0,0,462881875,0,0,0,0,0,0,0,0,0,0,0,0,0,0,0,0,3,1778834063,945340777
1,0,0,462882000,0,0,0,0,0,0,0,0,0,0,0,0,0,0,0,0,3,1778834064,74319311
1,0,0,462882125,0,0,0,0,0,0,0,0,0,0,0,0,0,0,0,0,3,1778834064,195910211
1,0,0,462882250,0,0,0,0,0,0,0,0,0,0,0,0,0,0,0,0,3,1778834064,320940445
1,0,0,462882375,0,0,0,0,0,0,0,0,0,0,0,0,0,0,0,0,3,1778834064,447026025
1,0,0,462882500,0,0,0,0,0,0,0,0,0,0,0,0,0,0,0,0,3,1778834064,571615293
1,0,0,462882625,0,0,0,0,0,0,0,0,0,0,0,0,0,0,0,0,3,1778834064,691018031
1,0,0,462882750,0,0,0,0,0,0,0,0,0,0,0,0,0,0,0,0,3,1778834064,819200774
1,0,0,462882875,0,0,0,0,0,0,0,0,0,0,0,0,0,0,0,0,3,1778834064,945196032
1,0,0,462883000,0,0,0,0,0,0,0,0,0,0,0,0,0,0,0,0,3,1778834065,75011542
1,0,0,462883125,0,0,0,0,0,0,0,0,0,0,0,0,0,0,0,0,3,1778834065,195922507
1,0,0,462883250,0,0,0,0,0,0,0,0,0,0,0,0,0,0,0,0,3,1778834065,319998118
1,0,0,462883375,0,0,0,0,0,0,0,0,0,0,0,0,0,0,0,0,3,1778834065,444016861
1,0,0,462883500,0,0,0,0,0,0,0,0,0,0,0,0,0,0,0,0,3,1778834065,564026134
1,0,0,462883625,0,0,0,0,0,0,0,0,0,0,0,0,0,0,0,0,3,1778834065,693301080
1,0,0,462883750,0,0,0,0,0,0,0,0,0,0,0,0,0,0,0,0,3,1778834065,818731095
1,0,0,462883875,0,0,0,0,0,0,0,0,0,0,0,0,0,0,0,0,3,1778834065,944216923
1,0,0,462884000,0,0,0,0,0,0,0,0,0,0,0,0,0,0,0,0,3,1778834066,73213424
1,0,0,462884125,0,0,0,0,0,0,0,0,0,0,0,0,0,0,0,0,3,1778834066,194613557
1,0,0,462884250,0,0,0,0,0,0,0,0,0,0,0,0,0,0,0,0,3,1778834066,319721283
1,0,0,462884375,0,0,0,0,0,0,0,0,0,0,0,0,0,0,0,0,3,1778834066,441851286
1,0,0,462884500,0,0,0,0,0,0,0,0,0,0,0,0,0,0,0,0,3,1778834066,568598313
1,0,0,462884625,0,0,0,0,0,0,0,0,0,0,0,0,0,0,0,0,3,1778834066,694211268
1,0,0,462884750,0,0,0,0,0,0,0,0,0,0,0,0,0,0,0,0,3,1778834066,817790054
1,0,0,462884875,0,0,0,0,0,0,0,0,0,0,0,0,0,0,0,0,3,1778834066,943833097
1,0,0,462885000,0,0,0,0,0,0,0,0,0,0,0,0,0,0,0,0,3,1778834067,73101144
1,0,0,462885125,0,0,0,0,0,0,0,0,0,0,0,0,0,0,0,0,3,1778834067,193078759
1,0,0,462885250,0,0,0,0,0,0,0,0,0,0,0,0,0,0,0,0,3,1778834067,318503168
1,0,0,462885375,0,0,0,0,0,0,0,0,0,0,0,0,0,0,0,0,3,1778834067,444747343
1,0,0,462885500,0,0,0,0,0,0,0,0,0,0,0,0,0,0,0,0,3,1778834067,568179233
1,0,0,462885625,0,0,0,0,0,0,0,0,0,0,0,0,0,0,0,0,3,1778834067,692858167
1,0,0,462885750,0,0,0,0,0,0,0,0,0,0,0,0,0,0,0,0,3,1778834067,816427621
1,0,0,462885875,0,0,0,0,0,0,0,0,0,0,0,0,0,0,0,0,3,1778834067,943570746
1,0,0,462886000,0,0,0,0,0,0,0,0,0,0,0,0,0,0,0,0,3,1778834068,72515507
1,0,0,462886125,0,0,0,0,0,0,0,0,0,0,0,0,0,0,0,0,3,1778834068,193906121
1,0,0,462886250,0,0,0,0,0,0,0,0,0,0,0,0,0,0,0,0,3,1778834068,315647637
1,0,0,462886375,0,0,0,0,0,0,0,0,0,0,0,0,0,0,0,0,3,1778834068,442980524
1,0,0,462886500,0,0,0,0,0,0,0,0,0,0,0,0,0,0,0,0,3,1778834068,568561803
1,0,0,462886625,0,0,0,0,0,0,0,0,0,0,0,0,0,0,0,0,3,1778834068,694337956
1,0,0,462886750,0,0,0,0,0,0,0,0,0,0,0,0,0,0,0,0,3,1778834068,816945798
1,0,0,462886875,0,0,0,0,0,0,0,0,0,0,0,0,0,0,0,0,3,1778834068,944681930
1,0,0,462887000,0,0,0,0,0,0,0,0,0,0,0,0,0,0,0,0,3,1778834069,72359998
1,0,0,462887125,0,0,0,0,0,0,0,0,0,0,0,0,0,0,0,0,3,1778834069,189952145
1,0,0,462887250,0,0,0,0,0,0,0,0,0,0,0,0,0,0,0,0,3,1778834069,319035694
1,0,0,462887375,0,0,0,0,0,0,0,0,0,0,0,0,0,0,0,0,3,1778834069,444643043
1,0,0,462887500,0,0,0,0,0,0,0,0,0,0,0,0,0,0,0,0,3,1778834069,569777728
1,0,0,462887625,0,0,0,0,0,0,0,0,0,0,0,0,0,0,0,0,3,1778834069,693878394
1,0,0,462887750,0,0,0,0,0,0,0,0,0,0,0,0,0,0,0,0,3,1778834069,816945582
1,0,0,462887875,0,0,0,0,0,0,0,0,0,0,0,0,0,0,0,0,3,1778834069,942813406
1,0,0,462888000,0,0,0,0,0,0,0,0,0,0,0,0,0,0,0,0,3,1778834070,68366932
1,0,0,462888125,0,0,0,0,0,0,0,0,0,0,0,0,0,0,0,0,3,1778834070,192618415
1,0,0,462888250,0,0,0,0,0,0,0,0,0,0,0,0,0,0,0,0,3,1778834070,318404651
1,0,0,462888375,0,0,0,0,0,0,0,0,0,0,0,0,0,0,0,0,3,1778834070,443793896
1,0,0,462888500,0,0,0,0,0,0,0,0,0,0,0,0,0,0,0,0,3,1778834070,568398215
1,0,0,462888625,0,0,0,0,0,0,0,0,0,0,0,0,0,0,0,0,3,1778834070,692915874
1,0,0,462888750,0,0,0,0,0,0,0,0,0,0,0,0,0,0,0,0,3,1778834070,816631666
1,0,0,462888875,0,0,0,0,0,0,0,0,0,0,0,0,0,0,0,0,3,1778834070,940560346
1,0,0,462889000,0,0,0,0,0,0,0,0,0,0,0,0,0,0,0,0,3,1778834071,72514619
1,0,0,462889125,0,0,0,0,0,0,0,0,0,0,0,0,0,0,0,0,3,1778834071,194869887
1,0,0,462889250,0,0,0,0,0,0,0,0,0,0,0,0,0,0,0,0,3,1778834071,319749118
1,0,0,462889375,0,0,0,0,0,0,0,0,0,0,0,0,0,0,0,0,3,1778834071,443441907
1,0,0,462889500,0,0,0,0,0,0,0,0,0,0,0,0,0,0,0,0,3,1778834071,567243353
1,0,0,462889625,0,0,0,0,0,0,0,0,0,0,0,0,0,0,0,0,3,1778834071,693308001
1,0,0,462889750,0,0,0,0,0,0,0,0,0,0,0,0,0,0,0,0,3,1778834071,816539334
1,0,0,462889875,0,0,0,0,0,0,0,0,0,0,0,0,0,0,0,0,3,1778834071,942823427
1,0,0,462890000,0,0,0,0,0,0,0,0,0,0,0,0,0,0,0,0,3,1778834072,72724808
1,0,0,462890125,0,0,0,0,0,0,0,0,0,0,0,0,0,0,0,0,3,1778834072,194097441
1,0,0,462890250,0,0,0,0,0,0,0,0,0,0,0,0,0,0,0,0,3,1778834072,318700406
1,0,0,462890375,0,0,0,0,0,0,0,0,0,0,0,0,0,0,0,0,3,1778834072,444354401
1,0,0,462890500,0,0,0,0,0,0,0,0,0,0,0,0,0,0,0,0,3,1778834072,568477801
1,0,0,462890625,0,0,0,0,0,0,0,0,0,0,0,0,0,0,0,0,3,1778834072,695348268
1,0,0,462890750,0,0,0,0,0,0,0,0,0,0,0,0,0,0,0,0,3,1778834072,816140698
1,0,0,462890875,0,0,0,0,0,0,0,0,0,0,0,0,0,0,0,0,3,1778834072,944232239
1,0,0,462891000,0,0,0,0,0,0,0,0,0,0,0,0,0,0,0,0,3,1778834073,72311939
1,0,0,462891125,0,0,0,0,0,0,0,0,0,0,0,0,0,0,0,0,3,1778834073,192583757
1,0,0,462891250,0,0,0,0,0,0,0,0,0,0,0,0,0,0,0,0,3,1778834073,318613142
1,0,0,462891375,0,0,0,0,0,0,0,0,0,0,0,0,0,0,0,0,3,1778834073,444238174
1,0,0,462891500,0,0,0,0,0,0,0,0,0,0,0,0,0,0,0,0,3,1778834073,567691637
1,0,0,462891625,0,0,0,0,0,0,0,0,0,0,0,0,0,0,0,0,3,1778834073,688645265
1,0,0,462891750,0,0,0,0,0,0,0,0,0,0,0,0,0,0,0,0,3,1778834073,816126617
1,0,0,462891875,0,0,0,0,0,0,0,0,0,0,0,0,0,0,0,0,3,1778834073,941681574
1,0,0,462892000,0,0,0,0,0,0,0,0,0,0,0,0,0,0,0,0,3,1778834074,72505015
1,0,0,462892125,0,0,0,0,0,0,0,0,0,0,0,0,0,0,0,0,3,1778834074,193705034
1,0,0,462892250,0,0,0,0,0,0,0,0,0,0,0,0,0,0,0,0,3,1778834074,317482400
1,0,0,462892375,0,0,0,0,0,0,0,0,0,0,0,0,0,0,0,0,3,1778834074,441696037
1,0,0,462892500,0,0,0,0,0,0,0,0,0,0,0,0,0,0,0,0,3,1778834074,564140118
1,0,0,462892625,0,0,0,0,0,0,0,0,0,0,0,0,0,0,0,0,3,1778834074,691512168
1,0,0,462892750,0,0,0,0,0,0,0,0,0,0,0,0,0,0,0,0,3,1778834074,816560159
1,0,0,462892875,0,0,0,0,0,0,0,0,0,0,0,0,0,0,0,0,3,1778834074,941570402
1,0,0,462893000,0,0,0,0,0,0,0,0,0,0,0,0,0,0,0,0,3,1778834075,70470972
1,0,0,462893125,0,0,0,0,0,0,0,0,0,0,0,0,0,0,0,0,3,1778834075,192304866
1,0,0,462893250,0,0,0,0,0,0,0,0,0,0,0,0,0,0,0,0,3,1778834075,318153043
1,0,0,462893375,0,0,0,0,0,0,0,0,0,0,0,0,0,0,0,0,3,1778834075,440601813
1,0,0,462893500,0,0,0,0,0,0,0,0,0,0,0,0,0,0,0,0,3,1778834075,568585204
1,0,0,462893625,0,0,0,0,0,0,0,0,0,0,0,0,0,0,0,0,3,1778834075,694615175
1,0,0,462893750,0,0,0,0,0,0,0,0,0,0,0,0,0,0,0,0,3,1778834075,818384950
1,0,0,462893875,0,0,0,0,0,0,0,0,0,0,0,0,0,0,0,0,3,1778834075,943570322
1,0,0,462894000,0,0,0,0,0,0,0,0,0,0,0,0,0,0,0,0,3,1778834076,72134837
1,0,0,462894125,0,0,0,0,0,0,0,0,0,0,0,0,0,0,0,0,3,1778834076,192541139
1,0,0,462894250,0,0,0,0,0,0,0,0,0,0,0,0,0,0,0,0,3,1778834076,318361460
1,0,0,462894375,0,0,0,0,0,0,0,0,0,0,0,0,0,0,0,0,3,1778834076,443464477
1,0,0,462894500,0,0,0,0,0,0,0,0,0,0,0,0,0,0,0,0,3,1778834076,567987891
1,0,0,462894625,0,0,0,0,0,0,0,0,0,0,0,0,0,0,0,0,3,1778834076,691889149
1,0,0,462894750,0,0,0,0,0,0,0,0,0,0,0,0,0,0,0,0,3,1778834076,816337051
1,0,0,462894875,0,0,0,0,0,0,0,0,0,0,0,0,0,0,0,0,3,1778834076,942123612
1,0,0,462895000,0,0,0,0,0,0,0,0,0,0,0,0,0,0,0,0,3,1778834077,72193811
1,0,0,462895125,0,0,0,0,0,0,0,0,0,0,0,0,0,0,0,0,3,1778834077,193918954
1,0,0,462895250,0,0,0,0,0,0,0,0,0,0,0,0,0,0,0,0,3,1778834077,316198269
1,0,0,462895375,0,0,0,0,0,0,0,0,0,0,0,0,0,0,0,0,3,1778834077,443258911
1,0,0,462895500,0,0,0,0,0,0,0,0,0,0,0,0,0,0,0,0,3,1778834077,567303327
1,0,0,462895625,0,0,0,0,0,0,0,0,0,0,0,0,0,0,0,0,3,1778834077,693897832
1,0,0,462895750,0,0,0,0,0,0,0,0,0,0,0,0,0,0,0,0,3,1778834077,818058489
1,0,0,462895875,0,0,0,0,0,0,0,0,0,0,0,0,0,0,0,0,3,1778834077,944268544
1,0,0,462896000,0,0,0,0,0,0,0,0,0,0,0,0,0,0,0,0,3,1778834078,73216032
1,0,0,462896125,0,0,0,0,0,0,0,0,0,0,0,0,0,0,0,0,3,1778834078,189313191
1,0,0,462896250,0,0,0,0,0,0,0,0,0,0,0,0,0,0,0,0,3,1778834078,319224043
1,0,0,462896375,0,0,0,0,0,0,0,0,0,0,0,0,0,0,0,0,3,1778834078,445328618
1,0,0,462896500,0,0,0,0,0,0,0,0,0,0,0,0,0,0,0,0,3,1778834078,568988486
1,0,0,462896625,0,0,0,0,0,0,0,0,0,0,0,0,0,0,0,0,3,1778834078,695109228
1,0,0,462896750,0,0,0,0,0,0,0,0,0,0,0,0,0,0,0,0,3,1778834078,819131655
1,0,0,462896875,0,0,0,0,0,0,0,0,0,0,0,0,0,0,0,0,3,1778834078,944217196
1,0,0,462897000,0,0,0,0,0,0,0,0,0,0,0,0,0,0,0,0,3,1778834079,68959784
1,0,0,462897125,0,0,0,0,0,0,0,0,0,0,0,0,0,0,0,0,3,1778834079,194144594
1,0,0,462897250,0,0,0,0,0,0,0,0,0,0,0,0,0,0,0,0,3,1778834079,318957872
1,0,0,462897375,0,0,0,0,0,0,0,0,0,0,0,0,0,0,0,0,3,1778834079,444141401
1,0,0,462897500,0,0,0,0,0,0,0,0,0,0,0,0,0,0,0,0,3,1778834079,569803006
1,0,0,462897625,0,0,0,0,0,0,0,0,0,0,0,0,0,0,0,0,3,1778834079,693007093
1,0,0,462897750,0,0,0,0,0,0,0,0,0,0,0,0,0,0,0,0,3,1778834079,816795916
1,0,0,462897875,0,0,0,0,0,0,0,0,0,0,0,0,0,0,0,0,3,1778834079,940645194
1,0,0,462898000,0,0,0,0,0,0,0,0,0,0,0,0,0,0,0,0,3,1778834080,72733299
1,0,0,462898125,0,0,0,0,0,0,0,0,0,0,0,0,0,0,0,0,3,1778834080,193639983
1,0,0,462898250,0,0,0,0,0,0,0,0,0,0,0,0,0,0,0,0,3,1778834080,318715467
1,0,0,462898375,0,0,0,0,0,0,0,0,0,0,0,0,0,0,0,0,3,1778834080,443144869
1,0,0,462898500,0,0,0,0,0,0,0,0,0,0,0,0,0,0,0,0,3,1778834080,567069291
1,0,0,462898625,0,0,0,0,0,0,0,0,0,0,0,0,0,0,0,0,3,1778834080,693989136
1,0,0,462898750,0,0,0,0,0,0,0,0,0,0,0,0,0,0,0,0,3,1778834080,818817282
1,0,0,462898875,0,0,0,0,0,0,0,0,0,0,0,0,0,0,0,0,3,1778834080,945138017
1,0,0,462899000,0,0,0,0,0,0,0,0,0,0,0,0,0,0,0,0,3,1778834081,74033598
1,0,0,462899125,0,0,0,0,0,0,0,0,0,0,0,0,0,0,0,0,3,1778834081,194155334
1,0,0,462899250,0,0,0,0,0,0,0,0,0,0,0,0,0,0,0,0,3,1778834081,318828263
1,0,0,462899375,0,0,0,0,0,0,0,0,0,0,0,0,0,0,0,0,3,1778834081,445507426
1,0,0,462899500,0,0,0,0,0,0,0,0,0,0,0,0,0,0,0,0,3,1778834081,571187482
1,0,0,462899625,0,0,0,0,0,0,0,0,0,0,0,0,0,0,0,0,3,1778834081,696039185
1,0,0,462899750,0,0,0,0,0,0,0,0,0,0,0,0,0,0,0,0,3,1778834081,816702789
1,0,0,462899875,0,0,0,0,0,0,0,0,0,0,0,0,0,0,0,0,3,1778834081,945179206
1,0,0,462900000,0,0,0,0,0,0,0,0,0,0,0,0,0,0,0,0,3,1778834082,74921491
1,0,0,462900125,0,0,0,0,0,0,0,0,0,0,0,0,0,0,0,0,3,1778834082,193984503
1,0,0,462900250,0,0,0,0,0,0,0,0,0,0,0,0,0,0,0,0,3,1778834082,319720381
1,0,0,462900375,0,0,0,0,0,0,0,0,0,0,0,0,0,0,0,0,3,1778834082,445687419
1,0,0,462900500,0,0,0,0,0,0,0,0,0,0,0,0,0,0,0,0,3,1778834082,568877303
1,0,0,462900625,0,0,0,0,0,0,0,0,0,0,0,0,0,0,0,0,3,1778834082,690122529
1,0,0,462900750,0,0,0,0,0,0,0,0,0,0,0,0,0,0,0,0,3,1778834082,818616859
1,0,0,462900875,0,0,0,0,0,0,0,0,0,0,0,0,0,0,0,0,3,1778834082,945462456
1,0,0,462901000,0,0,0,0,0,0,0,0,0,0,0,0,0,0,0,0,3,1778834083,74102297
1,0,0,462901125,0,0,0,0,0,0,0,0,0,0,0,0,0,0,0,0,3,1778834083,196325887
1,0,0,462901250,0,0,0,0,0,0,0,0,0,0,0,0,0,0,0,0,3,1778834083,320446288
1,0,0,462901375,0,0,0,0,0,0,0,0,0,0,0,0,0,0,0,0,3,1778834083,444985933
1,0,0,462901500,0,0,0,0,0,0,0,0,0,0,0,0,0,0,0,0,3,1778834083,564940867
1,0,0,462901625,0,0,0,0,0,0,0,0,0,0,0,0,0,0,0,0,3,1778834083,694449330
1,0,0,462901750,0,0,0,0,0,0,0,0,0,0,0,0,0,0,0,0,3,1778834083,818616107
1,0,0,462901875,0,0,0,0,0,0,0,0,0,0,0,0,0,0,0,0,3,1778834083,945499113
1,0,0,462902000,0,0,0,0,0,0,0,0,0,0,0,0,0,0,0,0,3,1778834084,72961685
1,0,0,462902125,0,0,0,0,0,0,0,0,0,0,0,0,0,0,0,0,3,1778834084,194865733
1,0,0,462902250,0,0,0,0,0,0,0,0,0,0,0,0,0,0,0,0,3,1778834084,319997539
1,0,0,462902375,0,0,0,0,0,0,0,0,0,0,0,0,0,0,0,0,3,1778834084,441990552
1,0,0,462902500,0,0,0,0,0,0,0,0,0,0,0,0,0,0,0,0,3,1778834084,570229895
1,0,0,462902625,0,0,0,0,0,0,0,0,0,0,0,0,0,0,0,0,3,1778834084,695664663
1,0,0,462902750,0,0,0,0,0,0,0,0,0,0,0,0,0,0,0,0,3,1778834084,819936074
1,0,0,462902875,0,0,0,0,0,0,0,0,0,0,0,0,0,0,0,0,3,1778834084,945306493
1,0,0,462903000,0,0,0,0,0,0,0,0,0,0,0,0,0,0,0,0,3,1778834085,72868925
1,0,0,462903125,0,0,0,0,0,0,0,0,0,0,0,0,0,0,0,0,3,1778834085,193548221
1,0,0,462903250,0,0,0,0,0,0,0,0,0,0,0,0,0,0,0,0,3,1778834085,318853634
1,0,0,462903375,0,0,0,0,0,0,0,0,0,0,0,0,0,0,0,0,3,1778834085,445607421
1,0,0,462903500,0,0,0,0,0,0,0,0,0,0,0,0,0,0,0,0,3,1778834085,570681461
1,0,0,462903625,0,0,0,0,0,0,0,0,0,0,0,0,0,0,0,0,3,1778834085,694778489
1,0,0,462903750,0,0,0,0,0,0,0,0,0,0,0,0,0,0,0,0,3,1778834085,820064024
1,0,0,462903875,0,0,0,0,0,0,0,0,0,0,0,0,0,0,0,0,3,1778834085,945631466
1,0,0,462904000,0,0,0,0,0,0,0,0,0,0,0,0,0,0,0,0,3,1778834086,74771083
1,0,0,462904125,0,0,0,0,0,0,0,0,0,0,0,0,0,0,0,0,3,1778834086,195889864
1,0,0,462904250,0,0,0,0,0,0,0,0,0,0,0,0,0,0,0,0,3,1778834086,318102387
1,0,0,462904375,0,0,0,0,0,0,0,0,0,0,0,0,0,0,0,0,3,1778834086,445362878
1,0,0,462904500,0,0,0,0,0,0,0,0,0,0,0,0,0,0,0,0,3,1778834086,569255579
1,0,0,462904625,0,0,0,0,0,0,0,0,0,0,0,0,0,0,0,0,3,1778834086,694390101
1,0,0,462904750,0,0,0,0,0,0,0,0,0,0,0,0,0,0,0,0,3,1778834086,818397227
1,0,0,462904875,0,0,0,0,0,0,0,0,0,0,0,0,0,0,0,0,3,1778834086,945343325
1,0,0,462905000,0,0,0,0,0,0,0,0,0,0,0,0,0,0,0,0,3,1778834087,74897183
1,0,0,462905125,0,0,0,0,0,0,0,0,0,0,0,0,0,0,0,0,3,1778834087,190278230
1,0,0,462905250,0,0,0,0,0,0,0,0,0,0,0,0,0,0,0,0,3,1778834087,318762914
1,0,0,462905375,0,0,0,0,0,0,0,0,0,0,0,0,0,0,0,0,3,1778834087,443800484
1,0,0,462905500,0,0,0,0,0,0,0,0,0,0,0,0,0,0,0,0,3,1778834087,568539315
1,0,0,462905625,0,0,0,0,0,0,0,0,0,0,0,0,0,0,0,0,3,1778834087,695220211
1,0,0,462905750,0,0,0,0,0,0,0,0,0,0,0,0,0,0,0,0,3,1778834087,819671530
1,0,0,462905875,0,0,0,0,0,0,0,0,0,0,0,0,0,0,0,0,3,1778834087,945154567
1,0,0,462906000,0,0,0,0,0,0,0,0,0,0,0,0,0,0,0,0,3,1778834088,69447244
1,0,0,462906125,0,0,0,0,0,0,0,0,0,0,0,0,0,0,0,0,3,1778834088,195792691
1,0,0,462906250,0,0,0,0,0,0,0,0,0,0,0,0,0,0,0,0,3,1778834088,319720242
1,0,0,462906375,0,0,0,0,0,0,0,0,0,0,0,0,0,0,0,0,3,1778834088,445042495
1,0,0,462906500,0,0,0,0,0,0,0,0,0,0,0,0,0,0,0,0,3,1778834088,567993724
1,0,0,462906625,0,0,0,0,0,0,0,0,0,0,0,0,0,0,0,0,3,1778834088,693476756
1,0,0,462906750,0,0,0,0,0,0,0,0,0,0,0,0,0,0,0,0,3,1778834088,817436771
1,0,0,462906875,0,0,0,0,0,0,0,0,0,0,0,0,0,0,0,0,3,1778834088,940604776
1,0,0,462907000,0,0,0,0,0,0,0,0,0,0,0,0,0,0,0,0,3,1778834089,73070997
1,0,0,462907125,0,0,0,0,0,0,0,0,0,0,0,0,0,0,0,0,3,1778834089,196641895
1,0,0,462907250,0,0,0,0,0,0,0,0,0,0,0,0,0,0,0,0,3,1778834089,322251051
1,0,0,462907375,0,0,0,0,0,0,0,0,0,0,0,0,0,0,0,0,3,1778834089,446178631
1,0,0,462907500,0,0,0,0,0,0,0,0,0,0,0,0,0,0,0,0,3,1778834089,570663864
1,0,0,462907625,0,0,0,0,0,0,0,0,0,0,0,0,0,0,0,0,3,1778834089,694211870
1,0,0,462907750,0,0,0,0,0,0,0,0,0,0,0,0,0,0,0,0,3,1778834089,818220086
1,0,0,462907875,0,0,0,0,0,0,0,0,0,0,0,0,0,0,0,0,3,1778834089,945326001
1,0,0,462908000,0,0,0,0,0,0,0,0,0,0,0,0,0,0,0,0,3,1778834090,74059227
1,0,0,462908125,0,0,0,0,0,0,0,0,0,0,0,0,0,0,0,0,3,1778834090,194477646
1,0,0,462908250,0,0,0,0,0,0,0,0,0,0,0,0,0,0,0,0,3,1778834090,320003796
1,0,0,462908375,0,0,0,0,0,0,0,0,0,0,0,0,0,0,0,0,3,1778834090,442585680
1,0,0,462908500,0,0,0,0,0,0,0,0,0,0,0,0,0,0,0,0,3,1778834090,569456237
1,0,0,462908625,0,0,0,0,0,0,0,0,0,0,0,0,0,0,0,0,3,1778834090,695215586
1,0,0,462908750,0,0,0,0,0,0,0,0,0,0,0,0,0,0,0,0,3,1778834090,816432135
1,0,0,462908875,0,0,0,0,0,0,0,0,0,0,0,0,0,0,0,0,3,1778834090,944373041
1,0,0,462909000,0,0,0,0,0,0,0,0,0,0,0,0,0,0,0,0,3,1778834091,73414109
1,0,0,462909125,0,0,0,0,0,0,0,0,0,0,0,0,0,0,0,0,3,1778834091,194225725
1,0,0,462909250,0,0,0,0,0,0,0,0,0,0,0,0,0,0,0,0,3,1778834091,320020288
1,0,0,462909375,0,0,0,0,0,0,0,0,0,0,0,0,0,0,0,0,3,1778834091,446206409
1,0,0,462909500,0,0,0,0,0,0,0,0,0,0,0,0,0,0,0,0,3,1778834091,569555368
1,0,0,462909625,0,0,0,0,0,0,0,0,0,0,0,0,0,0,0,0,3,1778834091,690314147
1,0,0,462909750,0,0,0,0,0,0,0,0,0,0,0,0,0,0,0,0,3,1778834091,817749958
1,0,0,462909875,0,0,0,0,0,0,0,0,0,0,0,0,0,0,0,0,3,1778834091,943413487
1,0,0,462910000,0,0,0,0,0,0,0,0,0,0,0,0,0,0,0,0,3,1778834092,75278227
1,0,0,462910125,0,0,0,0,0,0,0,0,0,0,0,0,0,0,0,0,3,1778834092,195114813
1,0,0,462910250,0,0,0,0,0,0,0,0,0,0,0,0,0,0,0,0,3,1778834092,318385453
1,0,0,462910375,0,0,0,0,0,0,0,0,0,0,0,0,0,0,0,0,3,1778834092,442459210
1,0,0,462910500,0,0,0,0,0,0,0,0,0,0,0,0,0,0,0,0,3,1778834092,563581129
1,0,0,462910625,0,0,0,0,0,0,0,0,0,0,0,0,0,0,0,0,3,1778834092,692524162
1,0,0,462910750,0,0,0,0,0,0,0,0,0,0,0,0,0,0,0,0,3,1778834092,817034725
1,0,0,462910875,0,0,0,0,0,0,0,0,0,0,0,0,0,0,0,0,3,1778834092,945378013
1,0,0,462911000,0,0,0,0,0,0,0,0,0,0,0,0,0,0,0,0,3,1778834093,73145937
1,0,0,462911125,0,0,0,0,0,0,0,0,0,0,0,0,0,0,0,0,3,1778834093,194847540
1,0,0,462911250,0,0,0,0,0,0,0,0,0,0,0,0,0,0,0,0,3,1778834093,317888600
1,0,0,462911375,0,0,0,0,0,0,0,0,0,0,0,0,0,0,0,0,3,1778834093,440215118
1,0,0,462911500,0,0,0,0,0,0,0,0,0,0,0,0,0,0,0,0,3,1778834093,568239519
1,0,0,462911625,0,0,0,0,0,0,0,0,0,0,0,0,0,0,0,0,3,1778834093,694079135
1,0,0,462911750,0,0,0,0,0,0,0,0,0,0,0,0,0,0,0,0,3,1778834093,817477215
1,0,0,462911875,0,0,0,0,0,0,0,0,0,0,0,0,0,0,0,0,3,1778834093,942661253
1,0,0,462912000,0,0,0,0,0,0,0,0,0,0,0,0,0,0,0,0,3,1778834094,72146108
1,0,0,462912125,0,0,0,0,0,0,0,0,0,0,0,0,0,0,0,0,3,1778834094,193247385
1,0,0,462912250,0,0,0,0,0,0,0,0,0,0,0,0,0,0,0,0,3,1778834094,317599690
1,0,0,462912375,0,0,0,0,0,0,0,0,0,0,0,0,0,0,0,0,3,1778834094,443308318
1,0,0,462912500,0,0,0,0,0,0,0,0,0,0,0,0,0,0,0,0,3,1778834094,568161045
1,0,0,462912625,0,0,0,0,0,0,0,0,0,0,0,0,0,0,0,0,3,1778834094,694010822
1,0,0,462912750,0,0,0,0,0,0,0,0,0,0,0,0,0,0,0,0,3,1778834094,815897272
1,0,0,462912875,0,0,0,0,0,0,0,0,0,0,0,0,0,0,0,0,3,1778834094,942009477
1,0,0,462913000,0,0,0,0,0,0,0,0,0,0,0,0,0,0,0,0,3,1778834095,71355855
1,0,0,462913125,0,0,0,0,0,0,0,0,0,0,0,0,0,0,0,0,3,1778834095,193384523
1,0,0,462913250,0,0,0,0,0,0,0,0,0,0,0,0,0,0,0,0,3,1778834095,316056821
1,0,0,462913375,0,0,0,0,0,0,0,0,0,0,0,0,0,0,0,0,3,1778834095,443326171
1,0,0,462913500,0,0,0,0,0,0,0,0,0,0,0,0,0,0,0,0,3,1778834095,568041625
1,0,0,462913625,0,0,0,0,0,0,0,0,0,0,0,0,0,0,0,0,3,1778834095,695152824
1,0,0,462913750,0,0,0,0,0,0,0,0,0,0,0,0,0,0,0,0,3,1778834095,819136976
1,0,0,462913875,0,0,0,0,0,0,0,0,0,0,0,0,0,0,0,0,3,1778834095,945090788
1,0,0,462914000,0,0,0,0,0,0,0,0,0,0,0,0,0,0,0,0,3,1778834096,73155161
1,0,0,462914125,0,0,0,0,0,0,0,0,0,0,0,0,0,0,0,0,3,1778834096,190041536
1,0,0,462914250,0,0,0,0,0,0,0,0,0,0,0,0,0,0,0,0,3,1778834096,319553666
1,0,0,462914375,0,0,0,0,0,0,0,0,0,0,0,0,0,0,0,0,3,1778834096,444721132
1,0,0,462914500,0,0,0,0,0,0,0,0,0,0,0,0,0,0,0,0,3,1778834096,568836146
1,0,0,462914625,0,0,0,0,0,0,0,0,0,0,0,0,0,0,0,0,3,1778834096,695102659
1,0,0,462914750,0,0,0,0,0,0,0,0,0,0,0,0,0,0,0,0,3,1778834096,819227330
1,0,0,462914875,0,0,0,0,0,0,0,0,0,0,0,0,0,0,0,0,3,1778834096,944191123
1,0,0,462915000,0,0,0,0,0,0,0,0,0,0,0,0,0,0,0,0,3,1778834097,70447902
1,0,0,462915125,0,0,0,0,0,0,0,0,0,0,0,0,0,0,0,0,3,1778834097,193754664
1,0,0,462915250,0,0,0,0,0,0,0,0,0,0,0,0,0,0,0,0,3,1778834097,319201407
1,0,0,462915375,0,0,0,0,0,0,0,0,0,0,0,0,0,0,0,0,3,1778834097,445555261
1,0,0,462915500,0,0,0,0,0,0,0,0,0,0,0,0,0,0,0,0,3,1778834097,568873989
1,0,0,462915625,0,0,0,0,0,0,0,0,0,0,0,0,0,0,0,0,3,1778834097,693893091
1,0,0,462915750,0,0,0,0,0,0,0,0,0,0,0,0,0,0,0,0,3,1778834097,817686641
1,0,0,462915875,0,0,0,0,0,0,0,0,0,0,0,0,0,0,0,0,3,1778834097,939929173
1,0,0,462916000,0,0,0,0,0,0,0,0,0,0,0,0,0,0,0,0,3,1778834098,72042309
1,0,0,462916125,0,0,0,0,0,0,0,0,0,0,0,0,0,0,0,0,3,1778834098,193964882
1,0,0,462916250,0,0,0,0,0,0,0,0,0,0,0,0,0,0,0,0,3,1778834098,318731665
1,0,0,462916375,0,0,0,0,0,0,0,0,0,0,0,0,0,0,0,0,3,1778834098,443960747
1,0,0,462916500,0,0,0,0,0,0,0,0,0,0,0,0,0,0,0,0,3,1778834098,567580252
1,0,0,462916625,0,0,0,0,0,0,0,0,0,0,0,0,0,0,0,0,3,1778834098,692838710
1,0,0,462916750,0,0,0,0,0,0,0,0,0,0,0,0,0,0,0,0,3,1778834098,817408066
1,0,0,462916875,0,0,0,0,0,0,0,0,0,0,0,0,0,0,0,0,3,1778834098,943847141
1,0,0,462917000,0,0,0,0,0,0,0,0,0,0,0,0,0,0,0,0,3,1778834099,72106825
1,0,0,462917125,0,0,0,0,0,0,0,0,0,0,0,0,0,0,0,0,3,1778834099,192731266
1,0,0,462917250,0,0,0,0,0,0,0,0,0,0,0,0,0,0,0,0,3,1778834099,319044333
1,0,0,462917375,0,0,0,0,0,0,0,0,0,0,0,0,0,0,0,0,3,1778834099,442908606
1,0,0,462917500,0,0,0,0,0,0,0,0,0,0,0,0,0,0,0,0,3,1778834099,569056806
1,0,0,462917625,0,0,0,0,0,0,0,0,0,0,0,0,0,0,0,0,3,1778834099,694034752
1,0,0,462917750,0,0,0,0,0,0,0,0,0,0,0,0,0,0,0,0,3,1778834099,815556988
1,0,0,462917875,0,0,0,0,0,0,0,0,0,0,0,0,0,0,0,0,3,1778834099,944062667
1,0,0,462918000,0,0,0,0,0,0,0,0,0,0,0,0,0,0,0,0,3,1778834100,71832300
1,0,0,462918125,0,0,0,0,0,0,0,0,0,0,0,0,0,0,0,0,3,1778834100,193775228
1,0,0,462918250,0,0,0,0,0,0,0,0,0,0,0,0,0,0,0,0,3,1778834100,319415539
1,0,0,462918375,0,0,0,0,0,0,0,0,0,0,0,0,0,0,0,0,3,1778834100,445695199
1,0,0,462918500,0,0,0,0,0,0,0,0,0,0,0,0,0,0,0,0,3,1778834100,568910004
1,0,0,462918625,0,0,0,0,0,0,0,0,0,0,0,0,0,0,0,0,3,1778834100,689783825
1,0,0,462918750,0,0,0,0,0,0,0,0,0,0,0,0,0,0,0,0,3,1778834100,818819093
1,0,0,462918875,0,0,0,0,0,0,0,0,0,0,0,0,0,0,0,0,3,1778834100,944846354
1,0,0,462919000,0,0,0,0,0,0,0,0,0,0,0,0,0,0,0,0,3,1778834101,72835649
1,0,0,462919125,0,0,0,0,0,0,0,0,0,0,0,0,0,0,0,0,3,1778834101,194693053
1,0,0,462919250,0,0,0,0,0,0,0,0,0,0,0,0,0,0,0,0,3,1778834101,319718853
1,0,0,462919375,0,0,0,0,0,0,0,0,0,0,0,0,0,0,0,0,3,1778834101,443957013
1,0,0,462919500,0,0,0,0,0,0,0,0,0,0,0,0,0,0,0,0,3,1778834101,564266209
1,0,0,462919625,0,0,0,0,0,0,0,0,0,0,0,0,0,0,0,0,3,1778834101,694664390
1,0,0,462919750,0,0,0,0,0,0,0,0,0,0,0,0,0,0,0,0,3,1778834101,818005807
1,0,0,462919875,0,0,0,0,0,0,0,0,0,0,0,0,0,0,0,0,3,1778834101,944846378
1,0,0,462920000,0,0,0,0,0,0,0,0,0,0,0,0,0,0,0,0,3,1778834102,75011610
1,0,0,462920125,0,0,0,0,0,0,0,0,0,0,0,0,0,0,0,0,3,1778834102,193285534
1,0,0,462920250,0,0,0,0,0,0,0,0,0,0,0,0,0,0,0,0,3,1778834102,317392696
1,0,0,462920375,0,0,0,0,0,0,0,0,0,0,0,0,0,0,0,0,3,1778834102,439745693
1,0,0,462920500,0,0,0,0,0,0,0,0,0,0,0,0,0,0,0,0,3,1778834102,568690326
1,0,0,462920625,0,0,0,0,0,0,0,0,0,0,0,0,0,0,0,0,3,1778834102,691851599
1,0,0,462920750,0,0,0,0,0,0,0,0,0,0,0,0,0,0,0,0,3,1778834102,815831400
1,0,0,462920875,0,0,0,0,0,0,0,0,0,0,0,0,0,0,0,0,3,1778834102,941817927
1,0,0,462921000,0,0,0,0,0,0,0,0,0,0,0,0,0,0,0,0,3,1778834103,70929937
1,0,0,462921125,0,0,0,0,0,0,0,0,0,0,0,0,0,0,0,0,3,1778834103,192614923
1,0,0,462921250,0,0,0,0,0,0,0,0,0,0,0,0,0,0,0,0,3,1778834103,318193971
1,0,0,462921375,0,0,0,0,0,0,0,0,0,0,0,0,0,0,0,0,3,1778834103,444240025
1,0,0,462921500,0,0,0,0,0,0,0,0,0,0,0,0,0,0,0,0,3,1778834103,566844758
1,0,0,462921625,0,0,0,0,0,0,0,0,0,0,0,0,0,0,0,0,3,1778834103,692120541
1,0,0,462921750,0,0,0,0,0,0,0,0,0,0,0,0,0,0,0,0,3,1778834103,816484411
1,0,0,462921875,0,0,0,0,0,0,0,0,0,0,0,0,0,0,0,0,3,1778834103,941628929
1,0,0,462922000,0,0,0,0,0,0,0,0,0,0,0,0,0,0,0,0,3,1778834104,71386748
1,0,0,462922125,0,0,0,0,0,0,0,0,0,0,0,0,0,0,0,0,3,1778834104,193203222
1,0,0,462922250,0,0,0,0,0,0,0,0,0,0,0,0,0,0,0,0,3,1778834104,315721515
1,0,0,462922375,0,0,0,0,0,0,0,0,0,0,0,0,0,0,0,0,3,1778834104,444169231
1,0,0,462922500,0,0,0,0,0,0,0,0,0,0,0,0,0,0,0,0,3,1778834104,569211355
1,0,0,462922625,0,0,0,0,0,0,0,0,0,0,0,0,0,0,0,0,3,1778834104,692463599
1,0,0,462922750,0,0,0,0,0,0,0,0,0,0,0,0,0,0,0,0,3,1778834104,818551540
1,0,0,462922875,0,0,0,0,0,0,0,0,0,0,0,0,0,0,0,0,3,1778834104,942738023
1,0,0,462923000,0,0,0,0,0,0,0,0,0,0,0,0,0,0,0,0,3,1778834105,72451381
1,0,0,462923125,0,0,0,0,0,0,0,0,0,0,0,0,0,0,0,0,3,1778834105,188437022
1,0,0,462923250,0,0,0,0,0,0,0,0,0,0,0,0,0,0,0,0,3,1778834105,316881749
1,0,0,462923375,0,0,0,0,0,0,0,0,0,0,0,0,0,0,0,0,3,1778834105,442422002
1,0,0,462923500,0,0,0,0,0,0,0,0,0,0,0,0,0,0,0,0,3,1778834105,567214441
1,0,0,462923625,0,0,0,0,0,0,0,0,0,0,0,0,0,0,0,0,3,1778834105,692147339
1,0,0,462923750,0,0,0,0,0,0,0,0,0,0,0,0,0,0,0,0,3,1778834105,816773384
1,0,0,462923875,0,0,0,0,0,0,0,0,0,0,0,0,0,0,0,0,3,1778834105,942039906
1,0,0,462924000,0,0,0,0,0,0,0,0,0,0,0,0,0,0,0,0,3,1778834106,66418033
1,0,0,462924125,0,0,0,0,0,0,0,0,0,0,0,0,0,0,0,0,3,1778834106,191510330
1,0,0,462924250,0,0,0,0,0,0,0,0,0,0,0,0,0,0,0,0,3,1778834106,317668850
1,0,0,462924375,0,0,0,0,0,0,0,0,0,0,0,0,0,0,0,0,3,1778834106,442355354
1,0,0,462924500,0,0,0,0,0,0,0,0,0,0,0,0,0,0,0,0,3,1778834106,565493520
1,0,0,462924625,0,0,0,0,0,0,0,0,0,0,0,0,0,0,0,0,3,1778834106,689407823
1,0,0,462924750,0,0,0,0,0,0,0,0,0,0,0,0,0,0,0,0,3,1778834106,814021738
1,0,0,462924875,0,0,0,0,0,0,0,0,0,0,0,0,0,0,0,0,3,1778834106,937143173
1,0,0,462925000,0,0,0,0,0,0,0,0,0,0,0,0,0,0,0,0,3,1778834107,70268721
1,0,0,462925125,0,0,0,0,0,0,0,0,0,0,0,0,0,0,0,0,3,1778834107,192598025
1,0,0,462925250,0,0,0,0,0,0,0,0,0,0,0,0,0,0,0,0,3,1778834107,316656923
1,0,0,462925375,0,0,0,0,0,0,0,0,0,0,0,0,0,0,0,0,3,1778834107,442453113
1,0,0,462925500,0,0,0,0,0,0,0,0,0,0,0,0,0,0,0,0,3,1778834107,566250160
1,0,0,462925625,0,0,0,0,0,0,0,0,0,0,0,0,0,0,0,0,3,1778834107,691658426
1,0,0,462925750,0,0,0,0,0,0,0,0,0,0,0,0,0,0,0,0,3,1778834107,816070368
1,0,0,462925875,0,0,0,0,0,0,0,0,0,0,0,0,0,0,0,0,3,1778834107,941572323
1,0,0,462926000,0,0,0,0,0,0,0,0,0,0,0,0,0,0,0,0,3,1778834108,71517487
1,0,0,462926125,0,0,0,0,0,0,0,0,0,0,0,0,0,0,0,0,3,1778834108,191534406
1,0,0,462926250,0,0,0,0,0,0,0,0,0,0,0,0,0,0,0,0,3,1778834108,316917548
1,0,0,462926375,0,0,0,0,0,0,0,0,0,0,0,0,0,0,0,0,3,1778834108,440310013
1,0,0,462926500,0,0,0,0,0,0,0,0,0,0,0,0,0,0,0,0,3,1778834108,565335847
1,0,0,462926625,0,0,0,0,0,0,0,0,0,0,0,0,0,0,0,0,3,1778834108,690402094
1,0,0,462926750,0,0,0,0,0,0,0,0,0,0,0,0,0,0,0,0,3,1778834108,812366424
1,0,0,462926875,0,0,0,0,0,0,0,0,0,0,0,0,0,0,0,0,3,1778834108,940339604
1,0,0,462927000,0,0,0,0,0,0,0,0,0,0,0,0,0,0,0,0,3,1778834109,69030371
1,0,0,462927125,0,0,0,0,0,0,0,0,0,0,0,0,0,0,0,0,3,1778834109,191179189
1,0,0,462927250,0,0,0,0,0,0,0,0,0,0,0,0,0,0,0,0,3,1778834109,316571679
1,0,0,462927375,0,0,0,0,0,0,0,0,0,0,0,0,0,0,0,0,3,1778834109,441890908
1,0,0,462927500,0,0,0,0,0,0,0,0,0,0,0,0,0,0,0,0,3,1778834109,567155110
1,0,0,462927625,0,0,0,0,0,0,0,0,0,0,0,0,0,0,0,0,3,1778834109,687330453
1,0,0,462927750,0,0,0,0,0,0,0,0,0,0,0,0,0,0,0,0,3,1778834109,814250419
1,0,0,462927875,0,0,0,0,0,0,0,0,0,0,0,0,0,0,0,0,3,1778834109,942118867
1,0,0,462928000,0,0,0,0,0,0,0,0,0,0,0,0,0,0,0,0,3,1778834110,72059792
1,0,0,462928125,0,0,0,0,0,0,0,0,0,0,0,0,0,0,0,0,3,1778834110,193281201
1,0,0,462928250,0,0,0,0,0,0,0,0,0,0,0,0,0,0,0,0,3,1778834110,317379203
1,0,0,462928375,0,0,0,0,0,0,0,0,0,0,0,0,0,0,0,0,3,1778834110,442053815
1,0,0,462928500,0,0,0,0,0,0,0,0,0,0,0,0,0,0,0,0,3,1778834110,562116830
1,0,0,462928625,0,0,0,0,0,0,0,0,0,0,0,0,0,0,0,0,3,1778834110,692057153
1,0,0,462928750,0,0,0,0,0,0,0,0,0,0,0,0,0,0,0,0,3,1778834110,816674928
1,0,0,462928875,0,0,0,0,0,0,0,0,0,0,0,0,0,0,0,0,3,1778834110,942185381
1,0,0,462929000,0,0,0,0,0,0,0,0,0,0,0,0,0,0,0,0,3,1778834111,71212636
1,0,0,462929125,0,0,0,0,0,0,0,0,0,0,0,0,0,0,0,0,3,1778834111,192132134
1,0,0,462929250,0,0,0,0,0,0,0,0,0,0,0,0,0,0,0,0,3,1778834111,316624275
1,0,0,462929375,0,0,0,0,0,0,0,0,0,0,0,0,0,0,0,0,3,1778834111,439158934
1,0,0,462929500,0,0,0,0,0,0,0,0,0,0,0,0,0,0,0,0,3,1778834111,567301956
1,0,0,462929625,0,0,0,0,0,0,0,0,0,0,0,0,0,0,0,0,3,1778834111,692691487
1,0,0,462929750,0,0,0,0,0,0,0,0,0,0,0,0,0,0,0,0,3,1778834111,816309064
1,0,0,462929875,0,0,0,0,0,0,0,0,0,0,0,0,0,0,0,0,3,1778834111,941319790
1,0,0,462930000,0,0,0,0,0,0,0,0,0,0,0,0,0,0,0,0,3,1778834112,72163301
1,0,0,462930125,0,0,0,0,0,0,0,0,0,0,0,0,0,0,0,0,3,1778834112,191515788
1,0,0,462930250,0,0,0,0,0,0,0,0,0,0,0,0,0,0,0,0,3,1778834112,316354318
1,0,0,462930375,0,0,0,0,0,0,0,0,0,0,0,0,0,0,0,0,3,1778834112,441218782
1,0,0,462930500,0,0,0,0,0,0,0,0,0,0,0,0,0,0,0,0,3,1778834112,566161199
1,0,0,462930625,0,0,0,0,0,0,0,0,0,0,0,0,0,0,0,0,3,1778834112,691628626
1,0,0,462930750,0,0,0,0,0,0,0,0,0,0,0,0,0,0,0,0,3,1778834112,813979048
1,0,0,462930875,0,0,0,0,0,0,0,0,0,0,0,0,0,0,0,0,3,1778834112,941001447
1,0,0,462931000,0,0,0,0,0,0,0,0,0,0,0,0,0,0,0,0,3,1778834113,70905363
1,0,0,462931125,0,0,0,0,0,0,0,0,0,0,0,0,0,0,0,0,3,1778834113,191277539
1,0,0,462931250,0,0,0,0,0,0,0,0,0,0,0,0,0,0,0,0,3,1778834113,313835347
1,0,0,462931375,0,0,0,0,0,0,0,0,0,0,0,0,0,0,0,0,3,1778834113,441571973
1,0,0,462931500,0,0,0,0,0,0,0,0,0,0,0,0,0,0,0,0,3,1778834113,565877027
1,0,0,462931625,0,0,0,0,0,0,0,0,0,0,0,0,0,0,0,0,3,1778834113,690582202
1,0,0,462931750,0,0,0,0,0,0,0,0,0,0,0,0,0,0,0,0,3,1778834113,814925583
1,0,0,462931875,0,0,0,0,0,0,0,0,0,0,0,0,0,0,0,0,3,1778834113,941493443
1,0,0,462932000,0,0,0,0,0,0,0,0,0,0,0,0,0,0,0,0,3,1778834114,69671571
1,0,0,462932125,0,0,0,0,0,0,0,0,0,0,0,0,0,0,0,0,3,1778834114,188000410
1,0,0,462932250,0,0,0,0,0,0,0,0,0,0,0,0,0,0,0,0,3,1778834114,318112829
1,0,0,462932375,0,0,0,0,0,0,0,0,0,0,0,0,0,0,0,0,3,1778834114,444047436
1,0,0,462932500,0,0,0,0,0,0,0,0,0,0,0,0,0,0,0,0,3,1778834114,568359053
1,0,0,462932625,0,0,0,0,0,0,0,0,0,0,0,0,0,0,0,0,3,1778834114,693060305
1,0,0,462932750,0,0,0,0,0,0,0,0,0,0,0,0,0,0,0,0,3,1778834114,816708224
1,0,0,462932875,0,0,0,0,0,0,0,0,0,0,0,0,0,0,0,0,3,1778834114,941910728
1,0,0,462933000,0,0,0,0,0,0,0,0,0,0,0,0,0,0,0,0,3,1778834115,67924065
1,0,0,462933125,0,0,0,0,0,0,0,0,0,0,0,0,0,0,0,0,3,1778834115,191763773
1,0,0,462933250,0,0,0,0,0,0,0,0,0,0,0,0,0,0,0,0,3,1778834115,318128177
1,0,0,462933375,0,0,0,0,0,0,0,0,0,0,0,0,0,0,0,0,3,1778834115,444401327
1,0,0,462933500,0,0,0,0,0,0,0,0,0,0,0,0,0,0,0,0,3,1778834115,566937393
1,0,0,462933625,0,0,0,0,0,0,0,0,0,0,0,0,0,0,0,0,3,1778834115,691937701
1,0,0,462933750,0,0,0,0,0,0,0,0,0,0,0,0,0,0,0,0,3,1778834115,816043880
1,0,0,462933875,0,0,0,0,0,0,0,0,0,0,0,0,0,0,0,0,3,1778834115,938232111
1,0,0,462934000,0,0,0,0,0,0,0,0,0,0,0,0,0,0,0,0,3,1778834116,70699732
1,0,0,462934125,0,0,0,0,0,0,0,0,0,0,0,0,0,0,0,0,3,1778834116,193015879
1,0,0,462934250,0,0,0,0,0,0,0,0,0,0,0,0,0,0,0,0,3,1778834116,316668930
1,0,0,462934375,0,0,0,0,0,0,0,0,0,0,0,0,0,0,0,0,3,1778834116,441470649
1,0,0,462934500,0,0,0,0,0,0,0,0,0,0,0,0,0,0,0,0,3,1778834116,566109675
1,0,0,462934625,0,0,0,0,0,0,0,0,0,0,0,0,0,0,0,0,3,1778834116,691071234
1,0,0,462934750,0,0,0,0,0,0,0,0,0,0,0,0,0,0,0,0,3,1778834116,815714388
1,0,0,462934875,0,0,0,0,0,0,0,0,0,0,0,0,0,0,0,0,3,1778834116,943528350
1,0,0,462935000,0,0,0,0,0,0,0,0,0,0,0,0,0,0,0,0,3,1778834117,73275651
1,0,0,462935125,0,0,0,0,0,0,0,0,0,0,0,0,0,0,0,0,3,1778834117,192581542
1,0,0,462935250,0,0,0,0,0,0,0,0,0,0,0,0,0,0,0,0,3,1778834117,318730452
1,0,0,462935375,0,0,0,0,0,0,0,0,0,0,0,0,0,0,0,0,3,1778834117,444590156
1,0,0,462935500,0,0,0,0,0,0,0,0,0,0,0,0,0,0,0,0,3,1778834117,569335640
1,0,0,462935625,0,0,0,0,0,0,0,0,0,0,0,0,0,0,0,0,3,1778834117,693777429
1,0,0,462935750,0,0,0,0,0,0,0,0,0,0,0,0,0,0,0,0,3,1778834117,814566146
1,0,0,462935875,0,0,0,0,0,0,0,0,0,0,0,0,0,0,0,0,3,1778834117,943174617
1,0,0,462936000,0,0,0,0,0,0,0,0,0,0,0,0,0,0,0,0,3,1778834118,70924724
1,0,0,462936125,0,0,0,0,0,0,0,0,0,0,0,0,0,0,0,0,3,1778834118,191590814
1,0,0,462936250,0,0,0,0,0,0,0,0,0,0,0,0,0,0,0,0,3,1778834118,317425492
1,0,0,462936375,0,0,0,0,0,0,0,0,0,0,0,0,0,0,0,0,3,1778834118,443713090
1,0,0,462936500,0,0,0,0,0,0,0,0,0,0,0,0,0,0,0,0,3,1778834118,568343135
1,0,0,462936625,0,0,0,0,0,0,0,0,0,0,0,0,0,0,0,0,3,1778834118,688744983
1,0,0,462936750,0,0,0,0,0,0,0,0,0,0,0,0,0,0,0,0,3,1778834118,815843939
1,0,0,462936875,0,0,0,0,0,0,0,0,0,0,0,0,0,0,0,0,3,1778834118,941666524
1,0,0,462937000,0,0,0,0,0,0,0,0,0,0,0,0,0,0,0,0,3,1778834119,71627202
1,0,0,462937125,0,0,0,0,0,0,0,0,0,0,0,0,0,0,0,0,3,1778834119,193467066
1,0,0,462937250,0,0,0,0,0,0,0,0,0,0,0,0,0,0,0,0,3,1778834119,317617582
1,0,0,462937375,0,0,0,0,0,0,0,0,0,0,0,0,0,0,0,0,3,1778834119,443097561
1,0,0,462937500,0,0,0,0,0,0,0,0,0,0,0,0,0,0,0,0,3,1778834119,564349330
1,0,0,462937625,0,0,0,0,0,0,0,0,0,0,0,0,0,0,0,0,3,1778834119,691937977
1,0,0,462937750,0,0,0,0,0,0,0,0,0,0,0,0,0,0,0,0,3,1778834119,815967991
1,0,0,462937875,0,0,0,0,0,0,0,0,0,0,0,0,0,0,0,0,3,1778834119,943050395
1,0,0,462938000,0,0,0,0,0,0,0,0,0,0,0,0,0,0,0,0,3,1778834120,72320769
1,0,0,462938125,0,0,0,0,0,0,0,0,0,0,0,0,0,0,0,0,3,1778834120,193392711
1,0,0,462938250,0,0,0,0,0,0,0,0,0,0,0,0,0,0,0,0,3,1778834120,318355604
1,0,0,462938375,0,0,0,0,0,0,0,0,0,0,0,0,0,0,0,0,3,1778834120,441340156
1,0,0,462938500,0,0,0,0,0,0,0,0,0,0,0,0,0,0,0,0,3,1778834120,568843643
1,0,0,462938625,0,0,0,0,0,0,0,0,0,0,0,0,0,0,0,0,3,1778834120,693723722
1,0,0,462938750,0,0,0,0,0,0,0,0,0,0,0,0,0,0,0,0,3,1778834120,818040649
1,0,0,462938875,0,0,0,0,0,0,0,0,0,0,0,0,0,0,0,0,3,1778834120,943798354
1,0,0,462939000,0,0,0,0,0,0,0,0,0,0,0,0,0,0,0,0,3,1778834121,71582494
1,0,0,462939125,0,0,0,0,0,0,0,0,0,0,0,0,0,0,0,0,3,1778834121,193294665
1,0,0,462939250,0,0,0,0,0,0,0,0,0,0,0,0,0,0,0,0,3,1778834121,317676639
1,0,0,462939375,0,0,0,0,0,0,0,0,0,0,0,0,0,0,0,0,3,1778834121,444372070
1,0,0,462939500,0,0,0,0,0,0,0,0,0,0,0,0,0,0,0,0,3,1778834121,568408778
1,0,0,462939625,0,0,0,0,0,0,0,0,0,0,0,0,0,0,0,0,3,1778834121,693362150
1,0,0,462939750,0,0,0,0,0,0,0,0,0,0,0,0,0,0,0,0,3,1778834121,817064992
1,0,0,462939875,0,0,0,0,0,0,0,0,0,0,0,0,0,0,0,0,3,1778834121,943014508
1,0,0,462940000,0,0,0,0,0,0,0,0,0,0,0,0,0,0,0,0,3,1778834122,73661704
1,0,0,462940125,0,0,0,0,0,0,0,0,0,0,0,0,0,0,0,0,3,1778834122,194475176
1,0,0,462940250,0,0,0,0,0,0,0,0,0,0,0,0,0,0,0,0,3,1778834122,316217211
1,0,0,462940375,0,0,0,0,0,0,0,0,0,0,0,0,0,0,0,0,3,1778834122,443956735
1,0,0,462940500,0,0,0,0,0,0,0,0,0,0,0,0,0,0,0,0,3,1778834122,567286216
1,0,0,462940625,0,0,0,0,0,0,0,0,0,0,0,0,0,0,0,0,3,1778834122,693299329
1,0,0,462940750,0,0,0,0,0,0,0,0,0,0,0,0,0,0,0,0,3,1778834122,817395442
1,0,0,462940875,0,0,0,0,0,0,0,0,0,0,0,0,0,0,0,0,3,1778834122,944161650
1,0,0,462941000,0,0,0,0,0,0,0,0,0,0,0,0,0,0,0,0,3,1778834123,72661796
1,0,0,462941125,0,0,0,0,0,0,0,0,0,0,0,0,0,0,0,0,3,1778834123,189253214
1,0,0,462941250,0,0,0,0,0,0,0,0,0,0,0,0,0,0,0,0,3,1778834123,317828569
1,0,0,462941375,0,0,0,0,0,0,0,0,0,0,0,0,0,0,0,0,3,1778834123,444009944
1,0,0,462941500,0,0,0,0,0,0,0,0,0,0,0,0,0,0,0,0,3,1778834123,568380538
1,0,0,462941625,0,0,0,0,0,0,0,0,0,0,0,0,0,0,0,0,3,1778834123,693050985
1,0,0,462941750,0,0,0,0,0,0,0,0,0,0,0,0,0,0,0,0,3,1778834123,818020850
1,0,0,462941875,0,0,0,0,0,0,0,0,0,0,0,0,0,0,0,0,3,1778834123,943947103
1,0,0,462942000,0,0,0,0,0,0,0,0,0,0,0,0,0,0,0,0,3,1778834124,68014655
1,0,0,462942125,0,0,0,0,0,0,0,0,0,0,0,0,0,0,0,0,3,1778834124,192182379
1,0,0,462942250,0,0,0,0,0,0,0,0,0,0,0,0,0,0,0,0,3,1778834124,317267724
1,0,0,462942375,0,0,0,0,0,0,0,0,0,0,0,0,0,0,0,0,3,1778834124,442427212
1,0,0,462942500,0,0,0,0,0,0,0,0,0,0,0,0,0,0,0,0,3,1778834124,566319279
1,0,0,462942625,0,0,0,0,0,0,0,0,0,0,0,0,0,0,0,0,3,1778834124,690318476
1,0,0,462942750,0,0,0,0,0,0,0,0,0,0,0,0,0,0,0,0,3,1778834124,814271570
1,0,0,462942875,0,0,0,0,0,0,0,0,0,0,0,0,0,0,0,0,3,1778834124,937905456
1,0,0,462943000,0,0,0,0,0,0,0,0,0,0,0,0,0,0,0,0,3,1778834125,69540052
1,0,0,462943125,0,0,0,0,0,0,0,0,0,0,0,0,0,0,0,0,3,1778834125,191440480
1,0,0,462943250,0,0,0,0,0,0,0,0,0,0,0,0,0,0,0,0,3,1778834125,315976609
1,0,0,462943375,0,0,0,0,0,0,0,0,0,0,0,0,0,0,0,0,3,1778834125,441378220
1,0,0,462943500,0,0,0,0,0,0,0,0,0,0,0,0,0,0,0,0,3,1778834125,564928784
1,0,0,462943625,0,0,0,0,0,0,0,0,0,0,0,0,0,0,0,0,3,1778834125,690447149
1,0,0,462943750,0,0,0,0,0,0,0,0,0,0,0,0,0,0,0,0,3,1778834125,814743713
1,0,0,462943875,0,0,0,0,0,0,0,0,0,0,0,0,0,0,0,0,3,1778834125,941468138
1,0,0,462944000,0,0,0,0,0,0,0,0,0,0,0,0,0,0,0,0,3,1778834126,69205603
1,0,0,462944125,0,0,0,0,0,0,0,0,0,0,0,0,0,0,0,0,3,1778834126,190611552
1,0,0,462944250,0,0,0,0,0,0,0,0,0,0,0,0,0,0,0,0,3,1778834126,315649354
1,0,0,462944375,0,0,0,0,0,0,0,0,0,0,0,0,0,0,0,0,3,1778834126,441444389
1,0,0,462944500,0,0,0,0,0,0,0,0,0,0,0,0,0,0,0,0,3,1778834126,566183570
1,0,0,462944625,0,0,0,0,0,0,0,0,0,0,0,0,0,0,0,0,3,1778834126,692372124
1,0,0,462944750,0,0,0,0,0,0,0,0,0,0,0,0,0,0,0,0,3,1778834126,813337323
1,0,0,462944875,0,0,0,0,0,0,0,0,0,0,0,0,0,0,0,0,3,1778834126,942651198
1,0,0,462945000,0,0,0,0,0,0,0,0,0,0,0,0,0,0,0,0,3,1778834127,71142689
1,0,0,462945125,0,0,0,0,0,0,0,0,0,0,0,0,0,0,0,0,3,1778834127,191764699
1,0,0,462945250,0,0,0,0,0,0,0,0,0,0,0,0,0,0,0,0,3,1778834127,317366969
1,0,0,462945375,0,0,0,0,0,0,0,0,0,0,0,0,0,0,0,0,3,1778834127,442935931
1,0,0,462945500,0,0,0,0,0,0,0,0,0,0,0,0,0,0,0,0,3,1778834127,565991924
1,0,0,462945625,0,0,0,0,0,0,0,0,0,0,0,0,0,0,0,0,3,1778834127,686263652
1,0,0,462945750,0,0,0,0,0,0,0,0,0,0,0,0,0,0,0,0,3,1778834127,813800014
1,0,0,462945875,0,0,0,0,0,0,0,0,0,0,0,0,0,0,0,0,3,1778834127,940304060
1,0,0,462946000,0,0,0,0,0,0,0,0,0,0,0,0,0,0,0,0,3,1778834128,70816896
1,0,0,462946125,0,0,0,0,0,0,0,0,0,0,0,0,0,0,0,0,3,1778834128,192587555
1,0,0,462946250,0,0,0,0,0,0,0,0,0,0,0,0,0,0,0,0,3,1778834128,316321291
1,0,0,462946375,0,0,0,0,0,0,0,0,0,0,0,0,0,0,0,0,3,1778834128,441197940
1,0,0,462946500,0,0,0,0,0,0,0,0,0,0,0,0,0,0,0,0,3,1778834128,561343768
1,0,0,462946625,0,0,0,0,0,0,0,0,0,0,0,0,0,0,0,0,3,1778834128,691918995
1,0,0,462946750,0,0,0,0,0,0,0,0,0,0,0,0,0,0,0,0,3,1778834128,815628174
1,0,0,462946875,0,0,0,0,0,0,0,0,0,0,0,0,0,0,0,0,3,1778834128,943274530
1,0,0,462947000,0,0,0,0,0,0,0,0,0,0,0,0,0,0,0,0,3,1778834129,71766152
1,0,0,462947125,0,0,0,0,0,0,0,0,0,0,0,0,0,0,0,0,3,1778834129,191609132
1,0,0,462947250,0,0,0,0,0,0,0,0,0,0,0,0,0,0,0,0,3,1778834129,315768493
1,0,0,462947375,0,0,0,0,0,0,0,0,0,0,0,0,0,0,0,0,3,1778834129,439435456
1,0,0,462947500,0,0,0,0,0,0,0,0,0,0,0,0,0,0,0,0,3,1778834129,568665440
1,0,0,462947625,0,0,0,0,0,0,0,0,0,0,0,0,0,0,0,0,3,1778834129,692626636
1,0,0,462947750,0,0,0,0,0,0,0,0,0,0,0,0,0,0,0,0,3,1778834129,816167771
1,0,0,462947875,0,0,0,0,0,0,0,0,0,0,0,0,0,0,0,0,3,1778834129,942754968
1,0,0,462948000,0,0,0,0,0,0,0,0,0,0,0,0,0,0,0,0,3,1778834130,71603960
1,0,0,462948125,0,0,0,0,0,0,0,0,0,0,0,0,0,0,0,0,3,1778834130,192801919
1,0,0,462948250,0,0,0,0,0,0,0,0,0,0,0,0,0,0,0,0,3,1778834130,317723668
1,0,0,462948375,0,0,0,0,0,0,0,0,0,0,0,0,0,0,0,0,3,1778834130,444562298
1,0,0,462948500,0,0,0,0,0,0,0,0,0,0,0,0,0,0,0,0,3,1778834130,567126397
1,0,0,462948625,0,0,0,0,0,0,0,0,0,0,0,0,0,0,0,0,3,1778834130,690611461
1,0,0,462948750,0,0,0,0,0,0,0,0,0,0,0,0,0,0,0,0,3,1778834130,813898258
1,0,0,462948875,0,0,0,0,0,0,0,0,0,0,0,0,0,0,0,0,3,1778834130,940858069
1,0,0,462949000,0,0,0,0,0,0,0,0,0,0,0,0,0,0,0,0,3,1778834131,71543903
1,0,0,462949125,0,0,0,0,0,0,0,0,0,0,0,0,0,0,0,0,3,1778834131,191850919
1,0,0,462949250,0,0,0,0,0,0,0,0,0,0,0,0,0,0,0,0,3,1778834131,314611220
1,0,0,462949375,0,0,0,0,0,0,0,0,0,0,0,0,0,0,0,0,3,1778834131,442087841
1,0,0,462949500,0,0,0,0,0,0,0,0,0,0,0,0,0,0,0,0,3,1778834131,565645899
1,0,0,462949625,0,0,0,0,0,0,0,0,0,0,0,0,0,0,0,0,3,1778834131,691603558
1,0,0,462949750,0,0,0,0,0,0,0,0,0,0,0,0,0,0,0,0,3,1778834131,815084154
1,0,0,462949875,0,0,0,0,0,0,0,0,0,0,0,0,0,0,0,0,3,1778834131,942542366
1,0,0,462950000,0,0,0,0,0,0,0,0,0,0,0,0,0,0,0,0,3,1778834132,72031798
1,0,0,462950125,0,0,0,0,0,0,0,0,0,0,0,0,0,0,0,0,3,1778834132,188462269
1,0,0,462950250,0,0,0,0,0,0,0,0,0,0,0,0,0,0,0,0,3,1778834132,315938085
1,0,0,462950375,0,0,0,0,0,0,0,0,0,0,0,0,0,0,0,0,3,1778834132,441085577
1,0,0,462950500,0,0,0,0,0,0,0,0,0,0,0,0,0,0,0,0,3,1778834132,566121392
1,0,0,462950625,0,0,0,0,0,0,0,0,0,0,0,0,0,0,0,0,3,1778834132,691139641
1,0,0,462950750,0,0,0,0,0,0,0,0,0,0,0,0,0,0,0,0,3,1778834132,814724615
1,0,0,462950875,0,0,0,0,0,0,0,0,0,0,0,0,0,0,0,0,3,1778834132,940880561
1,0,0,462951000,0,0,0,0,0,0,0,0,0,0,0,0,0,0,0,0,3,1778834133,64761520
1,0,0,462951125,0,0,0,0,0,0,0,0,0,0,0,0,0,0,0,0,3,1778834133,190546382
1,0,0,462951250,0,0,0,0,0,0,0,0,0,0,0,0,0,0,0,0,3,1778834133,315311160
1,0,0,462951375,0,0,0,0,0,0,0,0,0,0,0,0,0,0,0,0,3,1778834133,441715701
1,0,0,462951500,0,0,0,0,0,0,0,0,0,0,0,0,0,0,0,0,3,1778834133,565409869
1,0,0,462951625,0,0,0,0,0,0,0,0,0,0,0,0,0,0,0,0,3,1778834133,690274490
1,0,0,462951750,0,0,0,0,0,0,0,0,0,0,0,0,0,0,0,0,3,1778834133,813694473
1,0,0,462951875,0,0,0,0,0,0,0,0,0,0,0,0,0,0,0,0,3,1778834133,937255574
1,0,0,462952000,0,0,0,0,0,0,0,0,0,0,0,0,0,0,0,0,3,1778834134,70401999
1,0,0,462952125,0,0,0,0,0,0,0,0,0,0,0,0,0,0,0,0,3,1778834134,191923014
1,0,0,462952250,0,0,0,0,0,0,0,0,0,0,0,0,0,0,0,0,3,1778834134,315896603
1,0,0,462952375,0,0,0,0,0,0,0,0,0,0,0,0,0,0,0,0,3,1778834134,440699536
1,0,0,462952500,0,0,0,0,0,0,0,0,0,0,0,0,0,0,0,0,3,1778834134,566719192
1,0,0,462952625,0,0,0,0,0,0,0,0,0,0,0,0,0,0,0,0,3,1778834134,692417616
1,0,0,462952750,0,0,0,0,0,0,0,0,0,0,0,0,0,0,0,0,3,1778834134,816783923
1,0,0,462952875,0,0,0,0,0,0,0,0,0,0,0,0,0,0,0,0,3,1778834134,943593906
1,0,0,462953000,0,0,0,0,0,0,0,0,0,0,0,0,0,0,0,0,3,1778834135,70401418
1,0,0,462953125,0,0,0,0,0,0,0,0,0,0,0,0,0,0,0,0,3,1778834135,191797052
1,0,0,462953250,0,0,0,0,0,0,0,0,0,0,0,0,0,0,0,0,3,1778834135,315684232
1,0,0,462953375,0,0,0,0,0,0,0,0,0,0,0,0,0,0,0,0,3,1778834135,441775084
1,0,0,462953500,0,0,0,0,0,0,0,0,0,0,0,0,0,0,0,0,3,1778834135,566403593
1,0,0,462953625,0,0,0,0,0,0,0,0,0,0,0,0,0,0,0,0,3,1778834135,691939780
1,0,0,462953750,0,0,0,0,0,0,0,0,0,0,0,0,0,0,0,0,3,1778834135,812858186
1,0,0,462953875,0,0,0,0,0,0,0,0,0,0,0,0,0,0,0,0,3,1778834135,940308973
1,0,0,462954000,0,0,0,0,0,0,0,0,0,0,0,0,0,0,0,0,3,1778834136,68582848
1,0,0,462954125,0,0,0,0,0,0,0,0,0,0,0,0,0,0,0,0,3,1778834136,190289671
1,0,0,462954250,0,0,0,0,0,0,0,0,0,0,0,0,0,0,0,0,3,1778834136,315556063
1,0,0,462954375,0,0,0,0,0,0,0,0,0,0,0,0,0,0,0,0,3,1778834136,441718210
1,0,0,462954500,0,0,0,0,0,0,0,0,0,0,0,0,0,0,0,0,3,1778834136,564637089
1,0,0,462954625,0,0,0,0,0,0,0,0,0,0,0,0,0,0,0,0,3,1778834136,685432489
1,0,0,462954750,0,0,0,0,0,0,0,0,0,0,0,0,0,0,0,0,3,1778834136,813331499
1,0,0,462954875,0,0,0,0,0,0,0,0,0,0,0,0,0,0,0,0,3,1778834136,940297676
1,0,0,462955000,0,0,0,0,0,0,0,0,0,0,0,0,0,0,0,0,3,1778834137,71594031
1,0,0,462955125,0,0,0,0,0,0,0,0,0,0,0,0,0,0,0,0,3,1778834137,190398873
1,0,0,462955250,0,0,0,0,0,0,0,0,0,0,0,0,0,0,0,0,3,1778834137,315743089
1,0,0,462955375,0,0,0,0,0,0,0,0,0,0,0,0,0,0,0,0,3,1778834137,441674991
1,0,0,462955500,0,0,0,0,0,0,0,0,0,0,0,0,0,0,0,0,3,1778834137,562127956
1,0,0,462955625,0,0,0,0,0,0,0,0,0,0,0,0,0,0,0,0,3,1778834137,690656813
1,0,0,462955750,0,0,0,0,0,0,0,0,0,0,0,0,0,0,0,0,3,1778834137,815280060
1,0,0,462955875,0,0,0,0,0,0,0,0,0,0,0,0,0,0,0,0,3,1778834137,942348640
1,0,0,462956000,0,0,0,0,0,0,0,0,0,0,0,0,0,0,0,0,3,1778834138,69840622
1,0,0,462956125,0,0,0,0,0,0,0,0,0,0,0,0,0,0,0,0,3,1778834138,190458925
1,0,0,462956250,0,0,0,0,0,0,0,0,0,0,0,0,0,0,0,0,3,1778834138,316535915
1,0,0,462956375,0,0,0,0,0,0,0,0,0,0,0,0,0,0,0,0,3,1778834138,437275362
1,0,0,462956500,0,0,0,0,0,0,0,0,0,0,0,0,0,0,0,0,3,1778834138,566516423
1,0,0,462956625,0,0,0,0,0,0,0,0,0,0,0,0,0,0,0,0,3,1778834138,691603283
1,0,0,462956750,0,0,0,0,0,0,0,0,0,0,0,0,0,0,0,0,3,1778834138,815363028
1,0,0,462956875,0,0,0,0,0,0,0,0,0,0,0,0,0,0,0,0,3,1778834138,941292189
1,0,0,462957000,0,0,0,0,0,0,0,0,0,0,0,0,0,0,0,0,3,1778834139,69758779
1,0,0,462957125,0,0,0,0,0,0,0,0,0,0,0,0,0,0,0,0,3,1778834139,190195541
1,0,0,462957250,0,0,0,0,0,0,0,0,0,0,0,0,0,0,0,0,3,1778834139,315652089
1,0,0,462957375,0,0,0,0,0,0,0,0,0,0,0,0,0,0,0,0,3,1778834139,441658903
1,0,0,462957500,0,0,0,0,0,0,0,0,0,0,0,0,0,0,0,0,3,1778834139,566425708
1,0,0,462957625,0,0,0,0,0,0,0,0,0,0,0,0,0,0,0,0,3,1778834139,689632947
1,0,0,462957750,0,0,0,0,0,0,0,0,0,0,0,0,0,0,0,0,3,1778834139,813251604
1,0,0,462957875,0,0,0,0,0,0,0,0,0,0,0,0,0,0,0,0,3,1778834139,939654970
1,0,0,462958000,0,0,0,0,0,0,0,0,0,0,0,0,0,0,0,0,3,1778834140,69827032
1,0,0,462958125,0,0,0,0,0,0,0,0,0,0,0,0,0,0,0,0,3,1778834140,191287660
1,0,0,462958250,0,0,0,0,0,0,0,0,0,0,0,0,0,0,0,0,3,1778834140,313578860
1,0,0,462958375,0,0,0,0,0,0,0,0,0,0,0,0,0,0,0,0,3,1778834140,441517513
1,0,0,462958500,0,0,0,0,0,0,0,0,0,0,0,0,0,0,0,0,3,1778834140,564469849
1,0,0,462958625,0,0,0,0,0,0,0,0,0,0,0,0,0,0,0,0,3,1778834140,690312690
1,0,0,462958750,0,0,0,0,0,0,0,0,0,0,0,0,0,0,0,0,3,1778834140,814271004
1,0,0,462958875,0,0,0,0,0,0,0,0,0,0,0,0,0,0,0,0,3,1778834140,942159796
1,0,0,462959000,0,0,0,0,0,0,0,0,0,0,0,0,0,0,0,0,3,1778834141,68619335
1,0,0,462959125,0,0,0,0,0,0,0,0,0,0,0,0,0,0,0,0,3,1778834141,185525910
1,0,0,462959250,0,0,0,0,0,0,0,0,0,0,0,0,0,0,0,0,3,1778834141,314413199
1,0,0,462959375,0,0,0,0,0,0,0,0,0,0,0,0,0,0,0,0,3,1778834141,440025254
1,0,0,462959500,0,0,0,0,0,0,0,0,0,0,0,0,0,0,0,0,3,1778834141,565501522
1,0,0,462959625,0,0,0,0,0,0,0,0,0,0,0,0,0,0,0,0,3,1778834141,690304665
1,0,0,462959750,0,0,0,0,0,0,0,0,0,0,0,0,0,0,0,0,3,1778834141,814049888
1,0,0,462959875,0,0,0,0,0,0,0,0,0,0,0,0,0,0,0,0,3,1778834141,939312747
1,0,0,462960000,0,0,0,0,0,0,0,0,0,0,0,0,0,0,0,0,3,1778834142,64980991
1,0,0,462960125,0,0,0,0,0,0,0,0,0,0,0,0,0,0,0,0,3,1778834142,188552186
1,0,0,462960250,0,0,0,0,0,0,0,0,0,0,0,0,0,0,0,0,3,1778834142,314294524
1,0,0,462960375,0,0,0,0,0,0,0,0,0,0,0,0,0,0,0,0,3,1778834142,440442467
1,0,0,462960500,0,0,0,0,0,0,0,0,0,0,0,0,0,0,0,0,3,1778834142,563588398
1,0,0,462960625,0,0,0,0,0,0,0,0,0,0,0,0,0,0,0,0,3,1778834142,689257958
1,0,0,462960750,0,0,0,0,0,0,0,0,0,0,0,0,0,0,0,0,3,1778834142,812054907
1,0,0,462960875,0,0,0,0,0,0,0,0,0,0,0,0,0,0,0,0,3,1778834142,935513704
1,0,0,462961000,0,0,0,0,0,0,0,0,0,0,0,0,0,0,0,0,3,1778834143,69297197
1,0,0,462961125,0,0,0,0,0,0,0,0,0,0,0,0,0,0,0,0,3,1778834143,190042383
1,0,0,462961250,0,0,0,0,0,0,0,0,0,0,0,0,0,0,0,0,3,1778834143,314820020
1,0,0,462961375,0,0,0,0,0,0,0,0,0,0,0,0,0,0,0,0,3,1778834143,440127714
1,0,0,462961500,0,0,0,0,0,0,0,0,0,0,0,0,0,0,0,0,3,1778834143,565223208
1,0,0,462961625,0,0,0,0,0,0,0,0,0,0,0,0,0,0,0,0,3,1778834143,689982076
1,0,0,462961750,0,0,0,0,0,0,0,0,0,0,0,0,0,0,0,0,3,1778834143,813049884
1,0,0,462961875,0,0,0,0,0,0,0,0,0,0,0,0,0,0,0,0,3,1778834143,940278856
1,0,0,462962000,0,0,0,0,0,0,0,0,0,0,0,0,0,0,0,0,3,1778834144,69023896
1,0,0,462962125,0,0,0,0,0,0,0,0,0,0,0,0,0,0,0,0,3,1778834144,190721699
1,0,0,462962250,0,0,0,0,0,0,0,0,0,0,0,0,0,0,0,0,3,1778834144,314319224
1,0,0,462962375,0,0,0,0,0,0,0,0,0,0,0,0,0,0,0,0,3,1778834144,439048897
1,0,0,462962500,0,0,0,0,0,0,0,0,0,0,0,0,0,0,0,0,3,1778834144,566265292
1,0,0,462962625,0,0,0,0,0,0,0,0,0,0,0,0,0,0,0,0,3,1778834144,689752858
1,0,0,462962750,0,0,0,0,0,0,0,0,0,0,0,0,0,0,0,0,3,1778834144,812134633
1,0,0,462962875,0,0,0,0,0,0,0,0,0,0,0,0,0,0,0,0,3,1778834144,939976478
1,0,0,462963000,0,0,0,0,0,0,0,0,0,0,0,0,0,0,0,0,3,1778834145,69219226
1,0,0,462963125,0,0,0,0,0,0,0,0,0,0,0,0,0,0,0,0,3,1778834145,188092786
1,0,0,462963250,0,0,0,0,0,0,0,0,0,0,0,0,0,0,0,0,3,1778834145,313652026
1,0,0,462963375,0,0,0,0,0,0,0,0,0,0,0,0,0,0,0,0,3,1778834145,439085222
1,0,0,462963500,0,0,0,0,0,0,0,0,0,0,0,0,0,0,0,0,3,1778834145,562991823
1,0,0,462963625,0,0,0,0,0,0,0,0,0,0,0,0,0,0,0,0,3,1778834145,683894316
1,0,0,462963750,0,0,0,0,0,0,0,0,0,0,0,0,0,0,0,0,3,1778834145,812027059
1,0,0,462963875,0,0,0,0,0,0,0,0,0,0,0,0,0,0,0,0,3,1778834145,936854219
1,0,0,462964000,0,0,0,0,0,0,0,0,0,0,0,0,0,0,0,0,3,1778834146,67803950
1,0,0,462964125,0,0,0,0,0,0,0,0,0,0,0,0,0,0,0,0,3,1778834146,192215815
1,0,0,462964250,0,0,0,0,0,0,0,0,0,0,0,0,0,0,0,0,3,1778834146,314964036
1,0,0,462964375,0,0,0,0,0,0,0,0,0,0,0,0,0,0,0,0,3,1778834146,439884884
1,0,0,462964500,0,0,0,0,0,0,0,0,0,0,0,0,0,0,0,0,3,1778834146,560021712
1,0,0,462964625,0,0,0,0,0,0,0,0,0,0,0,0,0,0,0,0,3,1778834146,689627192
1,0,0,462964750,0,0,0,0,0,0,0,0,0,0,0,0,0,0,0,0,3,1778834146,814555658
1,0,0,462964875,0,0,0,0,0,0,0,0,0,0,0,0,0,0,0,0,3,1778834146,940996748
1,0,0,462965000,0,0,0,0,0,0,0,0,0,0,0,0,0,0,0,0,3,1778834147,70890435
1,0,0,462965125,0,0,0,0,0,0,0,0,0,0,0,0,0,0,0,0,3,1778834147,190786904
1,0,0,462965250,0,0,0,0,0,0,0,0,0,0,0,0,0,0,0,0,3,1778834147,314891912
1,0,0,462965375,0,0,0,0,0,0,0,0,0,0,0,0,0,0,0,0,3,1778834147,438479324
1,0,0,462965500,0,0,0,0,0,0,0,0,0,0,0,0,0,0,0,0,3,1778834147,566131643
1,0,0,462965625,0,0,0,0,0,0,0,0,0,0,0,0,0,0,0,0,3,1778834147,691419803
1,0,0,462965750,0,0,0,0,0,0,0,0,0,0,0,0,0,0,0,0,3,1778834147,815111610
1,0,0,462965875,0,0,0,0,0,0,0,0,0,0,0,0,0,0,0,0,3,1778834147,940142912
1,0,0,462966000,0,0,0,0,0,0,0,0,0,0,0,0,0,0,0,0,3,1778834148,69070957
1,0,0,462966125,0,0,0,0,0,0,0,0,0,0,0,0,0,0,0,0,3,1778834148,191077461
1,0,0,462966250,0,0,0,0,0,0,0,0,0,0,0,0,0,0,0,0,3,1778834148,315532806
1,0,0,462966375,0,0,0,0,0,0,0,0,0,0,0,0,0,0,0,0,3,1778834148,442414558
1,0,0,462966500,0,0,0,0,0,0,0,0,0,0,0,0,0,0,0,0,3,1778834148,566079544
1,0,0,462966625,0,0,0,0,0,0,0,0,0,0,0,0,0,0,0,0,3,1778834148,689893952
1,0,0,462966750,0,0,0,0,0,0,0,0,0,0,0,0,0,0,0,0,3,1778834148,813816264
1,0,0,462966875,0,0,0,0,0,0,0,0,0,0,0,0,0,0,0,0,3,1778834148,939903168
1,0,0,462967000,0,0,0,0,0,0,0,0,0,0,0,0,0,0,0,0,3,1778834149,69406126
1,0,0,462967125,0,0,0,0,0,0,0,0,0,0,0,0,0,0,0,0,3,1778834149,191885355
1,0,0,462967250,0,0,0,0,0,0,0,0,0,0,0,0,0,0,0,0,3,1778834149,312813164
1,0,0,462967375,0,0,0,0,0,0,0,0,0,0,0,0,0,0,0,0,3,1778834149,440921300
1,0,0,462967500,0,0,0,0,0,0,0,0,0,0,0,0,0,0,0,0,3,1778834149,566136847
1,0,0,462967625,0,0,0,0,0,0,0,0,0,0,0,0,0,0,0,0,3,1778834149,688941087
1,0,0,462967750,0,0,0,0,0,0,0,0,0,0,0,0,0,0,0,0,3,1778834149,811820242
1,0,0,462967875,0,0,0,0,0,0,0,0,0,0,0,0,0,0,0,0,3,1778834149,938706152
1,0,0,462968000,0,0,0,0,0,0,0,0,0,0,0,0,0,0,0,0,3,1778834150,67571888
1,0,0,462968125,0,0,0,0,0,0,0,0,0,0,0,0,0,0,0,0,3,1778834150,184410509
1,0,0,462968250,0,0,0,0,0,0,0,0,0,0,0,0,0,0,0,0,3,1778834150,313953631
1,0,0,462968375,0,0,0,0,0,0,0,0,0,0,0,0,0,0,0,0,3,1778834150,438582367
1,0,0,462968500,0,0,0,0,0,0,0,0,0,0,0,0,0,0,0,0,3,1778834150,564666566
1,0,0,462968625,0,0,0,0,0,0,0,0,0,0,0,0,0,0,0,0,3,1778834150,688933979
1,0,0,462968750,0,0,0,0,0,0,0,0,0,0,0,0,0,0,0,0,3,1778834150,811842933
1,0,0,462968875,0,0,0,0,0,0,0,0,0,0,0,0,0,0,0,0,3,1778834150,936908847
1,0,0,462969000,0,0,0,0,0,0,0,0,0,0,0,0,0,0,0,0,3,1778834151,63007797
1,0,0,462969125,0,0,0,0,0,0,0,0,0,0,0,0,0,0,0,0,3,1778834151,189254225
1,0,0,462969250,0,0,0,0,0,0,0,0,0,0,0,0,0,0,0,0,3,1778834151,313747879
1,0,0,462969375,0,0,0,0,0,0,0,0,0,0,0,0,0,0,0,0,3,1778834151,439511731
